{
  "__type__": "cc.SpriteFrame",
  "content": {
    "name": "yuhuoxiang",
    "atlas": "",
    "rect": {
      "x": 19,
      "y": 9,
      "width": 99,
      "height": 120
    },
    "offset": {
      "x": 1.5,
      "y": -2
    },
    "originalSize": {
      "width": 134,
      "height": 134
    },
    "rotated": false,
    "capInsets": [
      0,
      0,
      0,
      0
    ],
    "vertices": {
      "rawPosition": [
        -49.5,
        -60,
        0,
        49.5,
        -60,
        0,
        -49.5,
        60,
        0,
        49.5,
        60,
        0
      ],
      "indexes": [
        0,
        1,
        2,
        2,
        1,
        3
      ],
      "uv": [
        19,
        125,
        118,
        125,
        19,
        5,
        118,
        5
      ],
      "nuv": [
        0.1417910447761194,
        0.03731343283582089,
        0.8805970149253731,
        0.03731343283582089,
        0.1417910447761194,
        0.9328358208955224,
        0.8805970149253731,
        0.9328358208955224
      ],
      "minPos": {
        "x": -49.5,
        "y": -60,
        "z": 0
      },
      "maxPos": {
        "x": 49.5,
        "y": 60,
        "z": 0
      }
    },
    "texture": "15cf077f-1851-4db8-b58f-96bed00e3bba@6c48a",
    "packable": true,
    "pixelsToUnit": 100,
    "pivot": {
      "x": 0.5,
      "y": 0.5
    },
    "meshType": 0
  }
}