{
  "__type__": "cc.SpriteFrame",
  "content": {
    "name": "-",
    "atlas": "",
    "rect": {
      "x": 0,
      "y": 9,
      "width": 24,
      "height": 10
    },
    "offset": {
      "x": 0,
      "y": 0.5
    },
    "originalSize": {
      "width": 24,
      "height": 29
    },
    "rotated": false,
    "capInsets": [
      0,
      0,
      0,
      0
    ],
    "vertices": {
      "rawPosition": [
        -12,
        -5,
        0,
        12,
        -5,
        0,
        -12,
        5,
        0,
        12,
        5,
        0
      ],
      "indexes": [
        0,
        1,
        2,
        2,
        1,
        3
      ],
      "uv": [
        0,
        20,
        24,
        20,
        0,
        10,
        24,
        10
      ],
      "nuv": [
        0,
        0.3448275862068966,
        1,
        0.3448275862068966,
        0,
        0.6896551724137931,
        1,
        0.6896551724137931
      ],
      "minPos": {
        "x": -12,
        "y": -5,
        "z": 0
      },
      "maxPos": {
        "x": 12,
        "y": 5,
        "z": 0
      }
    },
    "texture": "9758560b-9ef0-4067-b01b-c5845a24cffd@6c48a",
    "packable": true,
    "pixelsToUnit": 100,
    "pivot": {
      "x": 0.5,
      "y": 0.5
    },
    "meshType": 0
  }
}