{
  "__type__": "cc.SpriteFrame",
  "content": {
    "name": "7_hc",
    "atlas": "",
    "rect": {
      "x": 0,
      "y": 2,
      "width": 103,
      "height": 111
    },
    "offset": {
      "x": 0,
      "y": -1
    },
    "originalSize": {
      "width": 103,
      "height": 113
    },
    "rotated": false,
    "capInsets": [
      0,
      0,
      0,
      0
    ],
    "vertices": {
      "rawPosition": [
        -51.5,
        -55.5,
        0,
        51.5,
        -55.5,
        0,
        -51.5,
        55.5,
        0,
        51.5,
        55.5,
        0
      ],
      "indexes": [
        0,
        1,
        2,
        2,
        1,
        3
      ],
      "uv": [
        0,
        111,
        103,
        111,
        0,
        0,
        103,
        0
      ],
      "nuv": [
        0,
        0,
        1,
        0,
        0,
        0.9823008849557522,
        1,
        0.9823008849557522
      ],
      "minPos": {
        "x": -51.5,
        "y": -55.5,
        "z": 0
      },
      "maxPos": {
        "x": 51.5,
        "y": 55.5,
        "z": 0
      }
    },
    "texture": "97b8c914-df55-465d-9615-5335a8206141@6c48a",
    "packable": true,
    "pixelsToUnit": 100,
    "pivot": {
      "x": 0.5,
      "y": 0.5
    },
    "meshType": 0
  }
}