{
  "__type__": "cc.SpriteFrame",
  "content": {
    "name": "box1",
    "atlas": "",
    "rect": {
      "x": 0,
      "y": 14,
      "width": 120,
      "height": 89
    },
    "offset": {
      "x": -8,
      "y": -7
    },
    "originalSize": {
      "width": 136,
      "height": 103
    },
    "rotated": false,
    "capInsets": [
      0,
      0,
      0,
      0
    ],
    "vertices": {
      "rawPosition": [
        -60,
        -44.5,
        0,
        60,
        -44.5,
        0,
        -60,
        44.5,
        0,
        60,
        44.5,
        0
      ],
      "indexes": [
        0,
        1,
        2,
        2,
        1,
        3
      ],
      "uv": [
        0,
        89,
        120,
        89,
        0,
        0,
        120,
        0
      ],
      "nuv": [
        0,
        0,
        0.8823529411764706,
        0,
        0,
        0.8640776699029126,
        0.8823529411764706,
        0.8640776699029126
      ],
      "minPos": {
        "x": -60,
        "y": -44.5,
        "z": 0
      },
      "maxPos": {
        "x": 60,
        "y": 44.5,
        "z": 0
      }
    },
    "texture": "97e7ac34-87e2-47fa-bef1-d88411da54fd@6c48a",
    "packable": true,
    "pixelsToUnit": 100,
    "pivot": {
      "x": 0.5,
      "y": 0.5
    },
    "meshType": 0
  }
}