{
  "__type__": "cc.SpriteFrame",
  "content": {
    "name": "mianshangfu",
    "atlas": "",
    "rect": {
      "x": 19,
      "y": 16,
      "width": 99,
      "height": 108
    },
    "offset": {
      "x": 1.5,
      "y": -3
    },
    "originalSize": {
      "width": 134,
      "height": 134
    },
    "rotated": false,
    "capInsets": [
      0,
      0,
      0,
      0
    ],
    "vertices": {
      "rawPosition": [
        -49.5,
        -54,
        0,
        49.5,
        -54,
        0,
        -49.5,
        54,
        0,
        49.5,
        54,
        0
      ],
      "indexes": [
        0,
        1,
        2,
        2,
        1,
        3
      ],
      "uv": [
        19,
        118,
        118,
        118,
        19,
        10,
        118,
        10
      ],
      "nuv": [
        0.1417910447761194,
        0.07462686567164178,
        0.8805970149253731,
        0.07462686567164178,
        0.1417910447761194,
        0.8805970149253731,
        0.8805970149253731,
        0.8805970149253731
      ],
      "minPos": {
        "x": -49.5,
        "y": -54,
        "z": 0
      },
      "maxPos": {
        "x": 49.5,
        "y": 54,
        "z": 0
      }
    },
    "texture": "5fea5fd5-98ef-4312-92bc-2604b3911cf8@6c48a",
    "packable": true,
    "pixelsToUnit": 100,
    "pivot": {
      "x": 0.5,
      "y": 0.5
    },
    "meshType": 0
  }
}