{
  "__type__": "cc.SpriteFrame",
  "content": {
    "name": "06_hc",
    "atlas": "",
    "rect": {
      "x": 24,
      "y": 5,
      "width": 182,
      "height": 224
    },
    "offset": {
      "x": 1,
      "y": -2.5
    },
    "originalSize": {
      "width": 228,
      "height": 229
    },
    "rotated": false,
    "capInsets": [
      0,
      0,
      0,
      0
    ],
    "vertices": {
      "rawPosition": [
        -91,
        -112,
        0,
        91,
        -112,
        0,
        -91,
        112,
        0,
        91,
        112,
        0
      ],
      "indexes": [
        0,
        1,
        2,
        2,
        1,
        3
      ],
      "uv": [
        24,
        224,
        206,
        224,
        24,
        0,
        206,
        0
      ],
      "nuv": [
        0.10526315789473684,
        0,
        0.9035087719298246,
        0,
        0.10526315789473684,
        0.9781659388646288,
        0.9035087719298246,
        0.9781659388646288
      ],
      "minPos": {
        "x": -91,
        "y": -112,
        "z": 0
      },
      "maxPos": {
        "x": 91,
        "y": 112,
        "z": 0
      }
    },
    "texture": "fa628d1e-0466-4337-9428-3c10b15dc545@6c48a",
    "packable": true,
    "pixelsToUnit": 100,
    "pivot": {
      "x": 0.5,
      "y": 0.5
    },
    "meshType": 0
  }
}