{
  "__type__": "cc.SpriteFrame",
  "content": {
    "name": "qiangduo",
    "atlas": "",
    "rect": {
      "x": 13,
      "y": 15,
      "width": 108,
      "height": 104
    },
    "offset": {
      "x": 0,
      "y": 0
    },
    "originalSize": {
      "width": 134,
      "height": 134
    },
    "rotated": false,
    "capInsets": [
      0,
      0,
      0,
      0
    ],
    "vertices": {
      "rawPosition": [
        -54,
        -52,
        0,
        54,
        -52,
        0,
        -54,
        52,
        0,
        54,
        52,
        0
      ],
      "indexes": [
        0,
        1,
        2,
        2,
        1,
        3
      ],
      "uv": [
        13,
        119,
        121,
        119,
        13,
        15,
        121,
        15
      ],
      "nuv": [
        0.09701492537313433,
        0.11194029850746269,
        0.9029850746268657,
        0.11194029850746269,
        0.09701492537313433,
        0.8880597014925373,
        0.9029850746268657,
        0.8880597014925373
      ],
      "minPos": {
        "x": -54,
        "y": -52,
        "z": 0
      },
      "maxPos": {
        "x": 54,
        "y": 52,
        "z": 0
      }
    },
    "texture": "480934d3-bb38-4962-93fd-f858dc72bd14@6c48a",
    "packable": true,
    "pixelsToUnit": 100,
    "pivot": {
      "x": 0.5,
      "y": 0.5
    },
    "meshType": 0
  }
}