{
  "__type__": "cc.SpriteFrame",
  "content": {
    "name": "lingshi01",
    "atlas": "",
    "rect": {
      "x": 22,
      "y": 10,
      "width": 94,
      "height": 119
    },
    "offset": {
      "x": 2,
      "y": -2.5
    },
    "originalSize": {
      "width": 134,
      "height": 134
    },
    "rotated": false,
    "capInsets": [
      0,
      0,
      0,
      0
    ],
    "vertices": {
      "rawPosition": [
        -47,
        -59.5,
        0,
        47,
        -59.5,
        0,
        -47,
        59.5,
        0,
        47,
        59.5,
        0
      ],
      "indexes": [
        0,
        1,
        2,
        2,
        1,
        3
      ],
      "uv": [
        22,
        124,
        116,
        124,
        22,
        5,
        116,
        5
      ],
      "nuv": [
        0.16417910447761194,
        0.03731343283582089,
        0.8656716417910447,
        0.03731343283582089,
        0.16417910447761194,
        0.9253731343283582,
        0.8656716417910447,
        0.9253731343283582
      ],
      "minPos": {
        "x": -47,
        "y": -59.5,
        "z": 0
      },
      "maxPos": {
        "x": 47,
        "y": 59.5,
        "z": 0
      }
    },
    "texture": "376109da-75cd-4629-83f3-bc3bc0aae0dd@6c48a",
    "packable": true,
    "pixelsToUnit": 100,
    "pivot": {
      "x": 0.5,
      "y": 0.5
    },
    "meshType": 0
  }
}