{
  "__type__": "cc.SpriteFrame",
  "content": {
    "name": "mucai",
    "atlas": "",
    "rect": {
      "x": 15,
      "y": 15,
      "width": 107,
      "height": 110
    },
    "offset": {
      "x": 1.5,
      "y": -3
    },
    "originalSize": {
      "width": 134,
      "height": 134
    },
    "rotated": false,
    "capInsets": [
      0,
      0,
      0,
      0
    ],
    "vertices": {
      "rawPosition": [
        -53.5,
        -55,
        0,
        53.5,
        -55,
        0,
        -53.5,
        55,
        0,
        53.5,
        55,
        0
      ],
      "indexes": [
        0,
        1,
        2,
        2,
        1,
        3
      ],
      "uv": [
        15,
        119,
        122,
        119,
        15,
        9,
        122,
        9
      ],
      "nuv": [
        0.11194029850746269,
        0.06716417910447761,
        0.9104477611940298,
        0.06716417910447761,
        0.11194029850746269,
        0.8880597014925373,
        0.9104477611940298,
        0.8880597014925373
      ],
      "minPos": {
        "x": -53.5,
        "y": -55,
        "z": 0
      },
      "maxPos": {
        "x": 53.5,
        "y": 55,
        "z": 0
      }
    },
    "texture": "5e8f3d22-ddac-436e-89b8-416b2069a52b@6c48a",
    "packable": true,
    "pixelsToUnit": 100,
    "pivot": {
      "x": 0.5,
      "y": 0.5
    },
    "meshType": 0
  }
}