{
  "__type__": "cc.SpriteFrame",
  "content": {
    "name": "mutou",
    "atlas": "",
    "rect": {
      "x": 8,
      "y": 20,
      "width": 119,
      "height": 94
    },
    "offset": {
      "x": 0.5,
      "y": 0
    },
    "originalSize": {
      "width": 134,
      "height": 134
    },
    "rotated": false,
    "capInsets": [
      0,
      0,
      0,
      0
    ],
    "vertices": {
      "rawPosition": [
        -59.5,
        -47,
        0,
        59.5,
        -47,
        0,
        -59.5,
        47,
        0,
        59.5,
        47,
        0
      ],
      "indexes": [
        0,
        1,
        2,
        2,
        1,
        3
      ],
      "uv": [
        8,
        114,
        127,
        114,
        8,
        20,
        127,
        20
      ],
      "nuv": [
        0.05970149253731343,
        0.14925373134328357,
        0.9477611940298507,
        0.14925373134328357,
        0.05970149253731343,
        0.8507462686567164,
        0.9477611940298507,
        0.8507462686567164
      ],
      "minPos": {
        "x": -59.5,
        "y": -47,
        "z": 0
      },
      "maxPos": {
        "x": 59.5,
        "y": 47,
        "z": 0
      }
    },
    "texture": "512987d9-25af-4025-a7fc-0d4bcbbeabea@6c48a",
    "packable": true,
    "pixelsToUnit": 100,
    "pivot": {
      "x": 0.5,
      "y": 0.5
    },
    "meshType": 0
  }
}