{
  "__type__": "cc.SpriteFrame",
  "content": {
    "name": "0049",
    "atlas": "",
    "rect": {
      "x": 2,
      "y": 9,
      "width": 133,
      "height": 133
    },
    "offset": {
      "x": -8.5,
      "y": 1.5
    },
    "originalSize": {
      "width": 154,
      "height": 154
    },
    "rotated": false,
    "capInsets": [
      0,
      0,
      0,
      0
    ],
    "vertices": {
      "rawPosition": [
        -66.5,
        -66.5,
        0,
        66.5,
        -66.5,
        0,
        -66.5,
        66.5,
        0,
        66.5,
        66.5,
        0
      ],
      "indexes": [
        0,
        1,
        2,
        2,
        1,
        3
      ],
      "uv": [
        2,
        145,
        135,
        145,
        2,
        12,
        135,
        12
      ],
      "nuv": [
        0.012987012987012988,
        0.07792207792207792,
        0.8766233766233766,
        0.07792207792207792,
        0.012987012987012988,
        0.9415584415584416,
        0.8766233766233766,
        0.9415584415584416
      ],
      "minPos": {
        "x": -66.5,
        "y": -66.5,
        "z": 0
      },
      "maxPos": {
        "x": 66.5,
        "y": 66.5,
        "z": 0
      }
    },
    "texture": "db3b349a-a5ce-4970-b369-da0876d9065a@6c48a",
    "packable": true,
    "pixelsToUnit": 100,
    "pivot": {
      "x": 0.5,
      "y": 0.5
    },
    "meshType": 0
  }
}