{
  "__type__": "cc.SpriteFrame",
  "content": {
    "name": "dyhlb",
    "atlas": "",
    "rect": {
      "x": 5,
      "y": 6,
      "width": 127,
      "height": 123
    },
    "offset": {
      "x": 1.5,
      "y": -0.5
    },
    "originalSize": {
      "width": 134,
      "height": 134
    },
    "rotated": false,
    "capInsets": [
      0,
      0,
      0,
      0
    ],
    "vertices": {
      "rawPosition": [
        -63.5,
        -61.5,
        0,
        63.5,
        -61.5,
        0,
        -63.5,
        61.5,
        0,
        63.5,
        61.5,
        0
      ],
      "indexes": [
        0,
        1,
        2,
        2,
        1,
        3
      ],
      "uv": [
        5,
        128,
        132,
        128,
        5,
        5,
        132,
        5
      ],
      "nuv": [
        0.03731343283582089,
        0.03731343283582089,
        0.9850746268656716,
        0.03731343283582089,
        0.03731343283582089,
        0.9552238805970149,
        0.9850746268656716,
        0.9552238805970149
      ],
      "minPos": {
        "x": -63.5,
        "y": -61.5,
        "z": 0
      },
      "maxPos": {
        "x": 63.5,
        "y": 61.5,
        "z": 0
      }
    },
    "texture": "809de695-efc5-4e85-835d-06d94a6716c8@6c48a",
    "packable": true,
    "pixelsToUnit": 100,
    "pivot": {
      "x": 0.5,
      "y": 0.5
    },
    "meshType": 0
  }
}