{
  "__type__": "cc.SpriteFrame",
  "content": {
    "name": "quanneng",
    "atlas": "",
    "rect": {
      "x": 20,
      "y": 9,
      "width": 110,
      "height": 133
    },
    "offset": {
      "x": 0,
      "y": -0.5
    },
    "originalSize": {
      "width": 150,
      "height": 150
    },
    "rotated": false,
    "capInsets": [
      0,
      0,
      0,
      0
    ],
    "vertices": {
      "rawPosition": [
        -55,
        -66.5,
        0,
        55,
        -66.5,
        0,
        -55,
        66.5,
        0,
        55,
        66.5,
        0
      ],
      "indexes": [
        0,
        1,
        2,
        2,
        1,
        3
      ],
      "uv": [
        20,
        141,
        130,
        141,
        20,
        8,
        130,
        8
      ],
      "nuv": [
        0.13333333333333333,
        0.05333333333333334,
        0.8666666666666667,
        0.05333333333333334,
        0.13333333333333333,
        0.94,
        0.8666666666666667,
        0.94
      ],
      "minPos": {
        "x": -55,
        "y": -66.5,
        "z": 0
      },
      "maxPos": {
        "x": 55,
        "y": 66.5,
        "z": 0
      }
    },
    "texture": "ba42ab54-3f41-486a-83be-eeeaae1f0650@6c48a",
    "packable": true,
    "pixelsToUnit": 100,
    "pivot": {
      "x": 0.5,
      "y": 0.5
    },
    "meshType": 0
  }
}