{
  "__type__": "cc.SpriteFrame",
  "content": {
    "name": "jifen",
    "atlas": "",
    "rect": {
      "x": 16,
      "y": 11,
      "width": 105,
      "height": 116
    },
    "offset": {
      "x": 1.5,
      "y": -2
    },
    "originalSize": {
      "width": 134,
      "height": 134
    },
    "rotated": false,
    "capInsets": [
      0,
      0,
      0,
      0
    ],
    "vertices": {
      "rawPosition": [
        -52.5,
        -58,
        0,
        52.5,
        -58,
        0,
        -52.5,
        58,
        0,
        52.5,
        58,
        0
      ],
      "indexes": [
        0,
        1,
        2,
        2,
        1,
        3
      ],
      "uv": [
        16,
        123,
        121,
        123,
        16,
        7,
        121,
        7
      ],
      "nuv": [
        0.11940298507462686,
        0.05223880597014925,
        0.9029850746268657,
        0.05223880597014925,
        0.11940298507462686,
        0.917910447761194,
        0.9029850746268657,
        0.917910447761194
      ],
      "minPos": {
        "x": -52.5,
        "y": -58,
        "z": 0
      },
      "maxPos": {
        "x": 52.5,
        "y": 58,
        "z": 0
      }
    },
    "texture": "6947a766-8615-465a-956e-8920fa5d194f@6c48a",
    "packable": true,
    "pixelsToUnit": 100,
    "pivot": {
      "x": 0.5,
      "y": 0.5
    },
    "meshType": 0
  }
}