{
  "__type__": "cc.SpriteFrame",
  "content": {
    "name": "bj_1",
    "atlas": "",
    "rect": {
      "x": 3,
      "y": 2,
      "width": 149,
      "height": 50
    },
    "offset": {
      "x": 1.5,
      "y": -0.5
    },
    "originalSize": {
      "width": 152,
      "height": 53
    },
    "rotated": false,
    "capInsets": [
      0,
      0,
      0,
      0
    ],
    "vertices": {
      "rawPosition": [
        -74.5,
        -25,
        0,
        74.5,
        -25,
        0,
        -74.5,
        25,
        0,
        74.5,
        25,
        0
      ],
      "indexes": [
        0,
        1,
        2,
        2,
        1,
        3
      ],
      "uv": [
        3,
        51,
        152,
        51,
        3,
        1,
        152,
        1
      ],
      "nuv": [
        0.019736842105263157,
        0.018867924528301886,
        1,
        0.018867924528301886,
        0.019736842105263157,
        0.9622641509433962,
        1,
        0.9622641509433962
      ],
      "minPos": {
        "x": -74.5,
        "y": -25,
        "z": 0
      },
      "maxPos": {
        "x": 74.5,
        "y": 25,
        "z": 0
      }
    },
    "texture": "41bb8a2b-3ea7-4fb2-ae9b-102196a273e4@6c48a",
    "packable": true,
    "pixelsToUnit": 100,
    "pivot": {
      "x": 0.5,
      "y": 0.5
    },
    "meshType": 0
  }
}