{
  "__type__": "cc.SpriteFrame",
  "content": {
    "name": "0026",
    "atlas": "",
    "rect": {
      "x": 13,
      "y": 9,
      "width": 122,
      "height": 133
    },
    "offset": {
      "x": -3,
      "y": 1.5
    },
    "originalSize": {
      "width": 154,
      "height": 154
    },
    "rotated": false,
    "capInsets": [
      0,
      0,
      0,
      0
    ],
    "vertices": {
      "rawPosition": [
        -61,
        -66.5,
        0,
        61,
        -66.5,
        0,
        -61,
        66.5,
        0,
        61,
        66.5,
        0
      ],
      "indexes": [
        0,
        1,
        2,
        2,
        1,
        3
      ],
      "uv": [
        13,
        145,
        135,
        145,
        13,
        12,
        135,
        12
      ],
      "nuv": [
        0.08441558441558442,
        0.07792207792207792,
        0.8766233766233766,
        0.07792207792207792,
        0.08441558441558442,
        0.9415584415584416,
        0.8766233766233766,
        0.9415584415584416
      ],
      "minPos": {
        "x": -61,
        "y": -66.5,
        "z": 0
      },
      "maxPos": {
        "x": 61,
        "y": 66.5,
        "z": 0
      }
    },
    "texture": "a5f565ee-a904-4dfb-9951-6b8d5c56d0b1@6c48a",
    "packable": true,
    "pixelsToUnit": 100,
    "pivot": {
      "x": 0.5,
      "y": 0.5
    },
    "meshType": 0
  }
}