{
  "__type__": "cc.SpriteFrame",
  "content": {
    "name": "-",
    "atlas": "",
    "rect": {
      "x": 0,
      "y": 15,
      "width": 34,
      "height": 14
    },
    "offset": {
      "x": 0,
      "y": 0
    },
    "originalSize": {
      "width": 34,
      "height": 44
    },
    "rotated": false,
    "capInsets": [
      0,
      0,
      0,
      0
    ],
    "vertices": {
      "rawPosition": [
        -17,
        -7,
        0,
        17,
        -7,
        0,
        -17,
        7,
        0,
        17,
        7,
        0
      ],
      "indexes": [
        0,
        1,
        2,
        2,
        1,
        3
      ],
      "uv": [
        0,
        29,
        34,
        29,
        0,
        15,
        34,
        15
      ],
      "nuv": [
        0,
        0.3409090909090909,
        1,
        0.3409090909090909,
        0,
        0.6590909090909091,
        1,
        0.6590909090909091
      ],
      "minPos": {
        "x": -17,
        "y": -7,
        "z": 0
      },
      "maxPos": {
        "x": 17,
        "y": 7,
        "z": 0
      }
    },
    "texture": "c4cb4098-a31d-4e97-826d-07824cda2e75@6c48a",
    "packable": true,
    "pixelsToUnit": 100,
    "pivot": {
      "x": 0.5,
      "y": 0.5
    },
    "meshType": 0
  }
}