{
  "__type__": "cc.SpriteFrame",
  "content": {
    "name": "xyfy3",
    "atlas": "",
    "rect": {
      "x": 17,
      "y": 9,
      "width": 105,
      "height": 120
    },
    "offset": {
      "x": 2.5,
      "y": -2
    },
    "originalSize": {
      "width": 134,
      "height": 134
    },
    "rotated": false,
    "capInsets": [
      0,
      0,
      0,
      0
    ],
    "vertices": {
      "rawPosition": [
        -52.5,
        -60,
        0,
        52.5,
        -60,
        0,
        -52.5,
        60,
        0,
        52.5,
        60,
        0
      ],
      "indexes": [
        0,
        1,
        2,
        2,
        1,
        3
      ],
      "uv": [
        17,
        125,
        122,
        125,
        17,
        5,
        122,
        5
      ],
      "nuv": [
        0.12686567164179105,
        0.03731343283582089,
        0.9104477611940298,
        0.03731343283582089,
        0.12686567164179105,
        0.9328358208955224,
        0.9104477611940298,
        0.9328358208955224
      ],
      "minPos": {
        "x": -52.5,
        "y": -60,
        "z": 0
      },
      "maxPos": {
        "x": 52.5,
        "y": 60,
        "z": 0
      }
    },
    "texture": "8e936598-7565-4868-b971-cd5463e12dbd@6c48a",
    "packable": true,
    "pixelsToUnit": 100,
    "pivot": {
      "x": 0.5,
      "y": 0.5
    },
    "meshType": 0
  }
}