{
  "__type__": "cc.SpriteFrame",
  "content": {
    "name": "sanyecao",
    "atlas": "",
    "rect": {
      "x": 17,
      "y": 10,
      "width": 103,
      "height": 119
    },
    "offset": {
      "x": 1.5,
      "y": -2.5
    },
    "originalSize": {
      "width": 134,
      "height": 134
    },
    "rotated": false,
    "capInsets": [
      0,
      0,
      0,
      0
    ],
    "vertices": {
      "rawPosition": [
        -51.5,
        -59.5,
        0,
        51.5,
        -59.5,
        0,
        -51.5,
        59.5,
        0,
        51.5,
        59.5,
        0
      ],
      "indexes": [
        0,
        1,
        2,
        2,
        1,
        3
      ],
      "uv": [
        17,
        124,
        120,
        124,
        17,
        5,
        120,
        5
      ],
      "nuv": [
        0.12686567164179105,
        0.03731343283582089,
        0.8955223880597015,
        0.03731343283582089,
        0.12686567164179105,
        0.9253731343283582,
        0.8955223880597015,
        0.9253731343283582
      ],
      "minPos": {
        "x": -51.5,
        "y": -59.5,
        "z": 0
      },
      "maxPos": {
        "x": 51.5,
        "y": 59.5,
        "z": 0
      }
    },
    "texture": "99268319-6d32-4a4c-bb90-83338f09b157@6c48a",
    "packable": true,
    "pixelsToUnit": 100,
    "pivot": {
      "x": 0.5,
      "y": 0.5
    },
    "meshType": 0
  }
}