{
  "__type__": "cc.SpriteFrame",
  "content": {
    "name": "w",
    "atlas": "",
    "rect": {
      "x": 2,
      "y": 2,
      "width": 43,
      "height": 32
    },
    "offset": {
      "x": 0,
      "y": 0
    },
    "originalSize": {
      "width": 47,
      "height": 36
    },
    "rotated": false,
    "capInsets": [
      0,
      0,
      0,
      0
    ],
    "vertices": {
      "rawPosition": [
        -21.5,
        -16,
        0,
        21.5,
        -16,
        0,
        -21.5,
        16,
        0,
        21.5,
        16,
        0
      ],
      "indexes": [
        0,
        1,
        2,
        2,
        1,
        3
      ],
      "uv": [
        2,
        34,
        45,
        34,
        2,
        2,
        45,
        2
      ],
      "nuv": [
        0.0425531914893617,
        0.05555555555555555,
        0.9574468085106383,
        0.05555555555555555,
        0.0425531914893617,
        0.9444444444444444,
        0.9574468085106383,
        0.9444444444444444
      ],
      "minPos": {
        "x": -21.5,
        "y": -16,
        "z": 0
      },
      "maxPos": {
        "x": 21.5,
        "y": 16,
        "z": 0
      }
    },
    "texture": "667be33f-f039-4f81-838d-37524589100b@6c48a",
    "packable": true,
    "pixelsToUnit": 100,
    "pivot": {
      "x": 0.5,
      "y": 0.5
    },
    "meshType": 0
  }
}