{
  "__type__": "cc.SpriteFrame",
  "content": {
    "name": "背包按钮",
    "atlas": "",
    "rect": {
      "x": 54,
      "y": 2,
      "width": 114,
      "height": 48
    },
    "offset": {
      "x": -1,
      "y": 0
    },
    "originalSize": {
      "width": 224,
      "height": 52
    },
    "rotated": false,
    "capInsets": [
      0,
      0,
      0,
      0
    ],
    "vertices": {
      "rawPosition": [
        -57,
        -24,
        0,
        57,
        -24,
        0,
        -57,
        24,
        0,
        57,
        24,
        0
      ],
      "indexes": [
        0,
        1,
        2,
        2,
        1,
        3
      ],
      "uv": [
        54,
        50,
        168,
        50,
        54,
        2,
        168,
        2
      ],
      "nuv": [
        0.24107142857142858,
        0.038461538461538464,
        0.75,
        0.038461538461538464,
        0.24107142857142858,
        0.9615384615384616,
        0.75,
        0.9615384615384616
      ],
      "minPos": {
        "x": -57,
        "y": -24,
        "z": 0
      },
      "maxPos": {
        "x": 57,
        "y": 24,
        "z": 0
      }
    },
    "texture": "b90f127b-15e9-40db-bb0f-be4c0f2eca9a@6c48a",
    "packable": true,
    "pixelsToUnit": 100,
    "pivot": {
      "x": 0.5,
      "y": 0.5
    },
    "meshType": 0
  }
}