{
  "__type__": "cc.SpriteFrame",
  "content": {
    "name": "gjfy4",
    "atlas": "",
    "rect": {
      "x": 17,
      "y": 15,
      "width": 107,
      "height": 106
    },
    "offset": {
      "x": 3.5,
      "y": -1
    },
    "originalSize": {
      "width": 134,
      "height": 134
    },
    "rotated": false,
    "capInsets": [
      0,
      0,
      0,
      0
    ],
    "vertices": {
      "rawPosition": [
        -53.5,
        -53,
        0,
        53.5,
        -53,
        0,
        -53.5,
        53,
        0,
        53.5,
        53,
        0
      ],
      "indexes": [
        0,
        1,
        2,
        2,
        1,
        3
      ],
      "uv": [
        17,
        119,
        124,
        119,
        17,
        13,
        124,
        13
      ],
      "nuv": [
        0.12686567164179105,
        0.09701492537313433,
        0.9253731343283582,
        0.09701492537313433,
        0.12686567164179105,
        0.8880597014925373,
        0.9253731343283582,
        0.8880597014925373
      ],
      "minPos": {
        "x": -53.5,
        "y": -53,
        "z": 0
      },
      "maxPos": {
        "x": 53.5,
        "y": 53,
        "z": 0
      }
    },
    "texture": "b9388026-a608-4892-b092-1d6524a4d799@6c48a",
    "packable": true,
    "pixelsToUnit": 100,
    "pivot": {
      "x": 0.5,
      "y": 0.5
    },
    "meshType": 0
  }
}