{
  "__type__": "cc.SpriteFrame",
  "content": {
    "name": "3004",
    "atlas": "",
    "rect": {
      "x": 21,
      "y": 19,
      "width": 120,
      "height": 124
    },
    "offset": {
      "x": 4,
      "y": -4
    },
    "originalSize": {
      "width": 154,
      "height": 154
    },
    "rotated": false,
    "capInsets": [
      0,
      0,
      0,
      0
    ],
    "vertices": {
      "rawPosition": [
        -60,
        -62,
        0,
        60,
        -62,
        0,
        -60,
        62,
        0,
        60,
        62,
        0
      ],
      "indexes": [
        0,
        1,
        2,
        2,
        1,
        3
      ],
      "uv": [
        21,
        135,
        141,
        135,
        21,
        11,
        141,
        11
      ],
      "nuv": [
        0.13636363636363635,
        0.07142857142857142,
        0.9155844155844156,
        0.07142857142857142,
        0.13636363636363635,
        0.8766233766233766,
        0.9155844155844156,
        0.8766233766233766
      ],
      "minPos": {
        "x": -60,
        "y": -62,
        "z": 0
      },
      "maxPos": {
        "x": 60,
        "y": 62,
        "z": 0
      }
    },
    "texture": "b9c7d127-c802-468c-b2cb-9c2f5e5bf3ea@6c48a",
    "packable": true,
    "pixelsToUnit": 100,
    "pivot": {
      "x": 0.5,
      "y": 0.5
    },
    "meshType": 0
  }
}