{
  "__type__": "cc.SpriteFrame",
  "content": {
    "name": "102_1",
    "atlas": "",
    "rect": {
      "x": 13,
      "y": 8,
      "width": 110,
      "height": 121
    },
    "offset": {
      "x": 1,
      "y": -1.5
    },
    "originalSize": {
      "width": 134,
      "height": 134
    },
    "rotated": false,
    "capInsets": [
      0,
      0,
      0,
      0
    ],
    "vertices": {
      "rawPosition": [
        -55,
        -60.5,
        0,
        55,
        -60.5,
        0,
        -55,
        60.5,
        0,
        55,
        60.5,
        0
      ],
      "indexes": [
        0,
        1,
        2,
        2,
        1,
        3
      ],
      "uv": [
        13,
        126,
        123,
        126,
        13,
        5,
        123,
        5
      ],
      "nuv": [
        0.09701492537313433,
        0.03731343283582089,
        0.917910447761194,
        0.03731343283582089,
        0.09701492537313433,
        0.9402985074626866,
        0.917910447761194,
        0.9402985074626866
      ],
      "minPos": {
        "x": -55,
        "y": -60.5,
        "z": 0
      },
      "maxPos": {
        "x": 55,
        "y": 60.5,
        "z": 0
      }
    },
    "texture": "773e95a1-a1f7-4247-a73e-32fd46eb684c@6c48a",
    "packable": true,
    "pixelsToUnit": 100,
    "pivot": {
      "x": 0.5,
      "y": 0.5
    },
    "meshType": 0
  }
}