{
  "__type__": "cc.SpriteFrame",
  "content": {
    "name": "yuanbao",
    "atlas": "",
    "rect": {
      "x": 14,
      "y": 19,
      "width": 110,
      "height": 97
    },
    "offset": {
      "x": 2,
      "y": -0.5
    },
    "originalSize": {
      "width": 134,
      "height": 134
    },
    "rotated": false,
    "capInsets": [
      0,
      0,
      0,
      0
    ],
    "vertices": {
      "rawPosition": [
        -55,
        -48.5,
        0,
        55,
        -48.5,
        0,
        -55,
        48.5,
        0,
        55,
        48.5,
        0
      ],
      "indexes": [
        0,
        1,
        2,
        2,
        1,
        3
      ],
      "uv": [
        14,
        115,
        124,
        115,
        14,
        18,
        124,
        18
      ],
      "nuv": [
        0.1044776119402985,
        0.13432835820895522,
        0.9253731343283582,
        0.13432835820895522,
        0.1044776119402985,
        0.8582089552238806,
        0.9253731343283582,
        0.8582089552238806
      ],
      "minPos": {
        "x": -55,
        "y": -48.5,
        "z": 0
      },
      "maxPos": {
        "x": 55,
        "y": 48.5,
        "z": 0
      }
    },
    "texture": "777da177-4203-44bf-84a5-7a3342785356@6c48a",
    "packable": true,
    "pixelsToUnit": 100,
    "pivot": {
      "x": 0.5,
      "y": 0.5
    },
    "meshType": 0
  }
}