{
  "__type__": "cc.SpriteFrame",
  "content": {
    "name": "4_hc",
    "atlas": "",
    "rect": {
      "x": 0,
      "y": 8,
      "width": 103,
      "height": 105
    },
    "offset": {
      "x": 0,
      "y": -4
    },
    "originalSize": {
      "width": 103,
      "height": 113
    },
    "rotated": false,
    "capInsets": [
      0,
      0,
      0,
      0
    ],
    "vertices": {
      "rawPosition": [
        -51.5,
        -52.5,
        0,
        51.5,
        -52.5,
        0,
        -51.5,
        52.5,
        0,
        51.5,
        52.5,
        0
      ],
      "indexes": [
        0,
        1,
        2,
        2,
        1,
        3
      ],
      "uv": [
        0,
        105,
        103,
        105,
        0,
        0,
        103,
        0
      ],
      "nuv": [
        0,
        0,
        1,
        0,
        0,
        0.9292035398230089,
        1,
        0.9292035398230089
      ],
      "minPos": {
        "x": -51.5,
        "y": -52.5,
        "z": 0
      },
      "maxPos": {
        "x": 51.5,
        "y": 52.5,
        "z": 0
      }
    },
    "texture": "a77819e8-7b4d-489e-8790-98254837723f@6c48a",
    "packable": true,
    "pixelsToUnit": 100,
    "pivot": {
      "x": 0.5,
      "y": 0.5
    },
    "meshType": 0
  }
}