{
  "__type__": "cc.SpriteFrame",
  "content": {
    "name": "4",
    "atlas": "",
    "rect": {
      "x": 0,
      "y": 0,
      "width": 35,
      "height": 41
    },
    "offset": {
      "x": 0,
      "y": 0.5
    },
    "originalSize": {
      "width": 35,
      "height": 42
    },
    "rotated": false,
    "capInsets": [
      0,
      0,
      0,
      0
    ],
    "vertices": {
      "rawPosition": [
        -17.5,
        -20.5,
        0,
        17.5,
        -20.5,
        0,
        -17.5,
        20.5,
        0,
        17.5,
        20.5,
        0
      ],
      "indexes": [
        0,
        1,
        2,
        2,
        1,
        3
      ],
      "uv": [
        0,
        42,
        35,
        42,
        0,
        1,
        35,
        1
      ],
      "nuv": [
        0,
        0.023809523809523808,
        1,
        0.023809523809523808,
        0,
        1,
        1,
        1
      ],
      "minPos": {
        "x": -17.5,
        "y": -20.5,
        "z": 0
      },
      "maxPos": {
        "x": 17.5,
        "y": 20.5,
        "z": 0
      }
    },
    "texture": "8d8f8ad5-8374-40af-b5e6-781310e12f22@6c48a",
    "packable": true,
    "pixelsToUnit": 100,
    "pivot": {
      "x": 0.5,
      "y": 0.5
    },
    "meshType": 0
  }
}