{
  "__type__": "cc.SpriteFrame",
  "content": {
    "name": "shitou",
    "atlas": "",
    "rect": {
      "x": 17,
      "y": 25,
      "width": 104,
      "height": 89
    },
    "offset": {
      "x": 2,
      "y": -2.5
    },
    "originalSize": {
      "width": 134,
      "height": 134
    },
    "rotated": false,
    "capInsets": [
      0,
      0,
      0,
      0
    ],
    "vertices": {
      "rawPosition": [
        -52,
        -44.5,
        0,
        52,
        -44.5,
        0,
        -52,
        44.5,
        0,
        52,
        44.5,
        0
      ],
      "indexes": [
        0,
        1,
        2,
        2,
        1,
        3
      ],
      "uv": [
        17,
        109,
        121,
        109,
        17,
        20,
        121,
        20
      ],
      "nuv": [
        0.12686567164179105,
        0.14925373134328357,
        0.9029850746268657,
        0.14925373134328357,
        0.12686567164179105,
        0.8134328358208955,
        0.9029850746268657,
        0.8134328358208955
      ],
      "minPos": {
        "x": -52,
        "y": -44.5,
        "z": 0
      },
      "maxPos": {
        "x": 52,
        "y": 44.5,
        "z": 0
      }
    },
    "texture": "2b2630ba-86a2-4cba-a7ec-14a4a72a966e@6c48a",
    "packable": true,
    "pixelsToUnit": 100,
    "pivot": {
      "x": 0.5,
      "y": 0.5
    },
    "meshType": 0
  }
}