{
  "__type__": "cc.SpriteFrame",
  "content": {
    "name": "icon_cost",
    "atlas": "",
    "rect": {
      "x": 2,
      "y": 135,
      "width": 448,
      "height": 315
    },
    "offset": {
      "x": -30,
      "y": -36.5
    },
    "originalSize": {
      "width": 512,
      "height": 512
    },
    "rotated": false,
    "capInsets": [
      0,
      0,
      0,
      0
    ],
    "vertices": {
      "rawPosition": [
        -224,
        -157.5,
        0,
        224,
        -157.5,
        0,
        -224,
        157.5,
        0,
        224,
        157.5,
        0
      ],
      "indexes": [
        0,
        1,
        2,
        2,
        1,
        3
      ],
      "uv": [
        2,
        377,
        450,
        377,
        2,
        62,
        450,
        62
      ],
      "nuv": [
        0.00390625,
        0.12109375,
        0.87890625,
        0.12109375,
        0.00390625,
        0.736328125,
        0.87890625,
        0.736328125
      ],
      "minPos": {
        "x": -224,
        "y": -157.5,
        "z": 0
      },
      "maxPos": {
        "x": 224,
        "y": 157.5,
        "z": 0
      }
    },
    "texture": "2b8b50c6-c7b6-470f-9cb3-b6c92c2f5663@6c48a",
    "packable": true,
    "pixelsToUnit": 100,
    "pivot": {
      "x": 0.5,
      "y": 0.5
    },
    "meshType": 0
  }
}