{
  "__type__": "cc.SpriteFrame",
  "content": {
    "name": "by_2",
    "atlas": "",
    "rect": {
      "x": 4,
      "y": 2,
      "width": 148,
      "height": 49
    },
    "offset": {
      "x": 2,
      "y": 0
    },
    "originalSize": {
      "width": 152,
      "height": 53
    },
    "rotated": false,
    "capInsets": [
      0,
      0,
      0,
      0
    ],
    "vertices": {
      "rawPosition": [
        -74,
        -24.5,
        0,
        74,
        -24.5,
        0,
        -74,
        24.5,
        0,
        74,
        24.5,
        0
      ],
      "indexes": [
        0,
        1,
        2,
        2,
        1,
        3
      ],
      "uv": [
        4,
        51,
        152,
        51,
        4,
        2,
        152,
        2
      ],
      "nuv": [
        0.02631578947368421,
        0.03773584905660377,
        1,
        0.03773584905660377,
        0.02631578947368421,
        0.9622641509433962,
        1,
        0.9622641509433962
      ],
      "minPos": {
        "x": -74,
        "y": -24.5,
        "z": 0
      },
      "maxPos": {
        "x": 74,
        "y": 24.5,
        "z": 0
      }
    },
    "texture": "f07c5ea2-16d1-4270-8068-323830e3347d@6c48a",
    "packable": true,
    "pixelsToUnit": 100,
    "pivot": {
      "x": 0.5,
      "y": 0.5
    },
    "meshType": 0
  }
}