{
  "__type__": "cc.SpriteFrame",
  "content": {
    "name": "0025",
    "atlas": "",
    "rect": {
      "x": 15,
      "y": 8,
      "width": 120,
      "height": 134
    },
    "offset": {
      "x": -2,
      "y": 2
    },
    "originalSize": {
      "width": 154,
      "height": 154
    },
    "rotated": false,
    "capInsets": [
      0,
      0,
      0,
      0
    ],
    "vertices": {
      "rawPosition": [
        -60,
        -67,
        0,
        60,
        -67,
        0,
        -60,
        67,
        0,
        60,
        67,
        0
      ],
      "indexes": [
        0,
        1,
        2,
        2,
        1,
        3
      ],
      "uv": [
        15,
        146,
        135,
        146,
        15,
        12,
        135,
        12
      ],
      "nuv": [
        0.09740259740259741,
        0.07792207792207792,
        0.8766233766233766,
        0.07792207792207792,
        0.09740259740259741,
        0.948051948051948,
        0.8766233766233766,
        0.948051948051948
      ],
      "minPos": {
        "x": -60,
        "y": -67,
        "z": 0
      },
      "maxPos": {
        "x": 60,
        "y": 67,
        "z": 0
      }
    },
    "texture": "40dd34a5-9bf2-42eb-b165-737e36362d74@6c48a",
    "packable": true,
    "pixelsToUnit": 100,
    "pivot": {
      "x": 0.5,
      "y": 0.5
    },
    "meshType": 0
  }
}