{
  "__type__": "cc.SpriteFrame",
  "content": {
    "name": "cardmask",
    "atlas": "",
    "rect": {
      "x": 0,
      "y": 0,
      "width": 333,
      "height": 445
    },
    "offset": {
      "x": 0,
      "y": 3
    },
    "originalSize": {
      "width": 333,
      "height": 451
    },
    "rotated": false,
    "capInsets": [
      105,
      181,
      131,
      118
    ],
    "vertices": {
      "rawPosition": [
        -166.5,
        -222.5,
        0,
        166.5,
        -222.5,
        0,
        -166.5,
        222.5,
        0,
        166.5,
        222.5,
        0
      ],
      "indexes": [
        0,
        1,
        2,
        2,
        1,
        3
      ],
      "uv": [
        0,
        451,
        333,
        451,
        0,
        6,
        333,
        6
      ],
      "nuv": [
        0,
        0.013303769401330377,
        1,
        0.013303769401330377,
        0,
        1,
        1,
        1
      ],
      "minPos": {
        "x": -166.5,
        "y": -222.5,
        "z": 0
      },
      "maxPos": {
        "x": 166.5,
        "y": 222.5,
        "z": 0
      }
    },
    "texture": "a936ef7e-9280-430c-a568-059558d8483e@6c48a",
    "packable": true,
    "pixelsToUnit": 100,
    "pivot": {
      "x": 0.5,
      "y": 0.5
    },
    "meshType": 0
  }
}