{
  "__type__": "cc.SpriteFrame",
  "content": {
    "name": "02_hc",
    "atlas": "",
    "rect": {
      "x": 10,
      "y": 19,
      "width": 213,
      "height": 210
    },
    "offset": {
      "x": 2.5,
      "y": -9.5
    },
    "originalSize": {
      "width": 228,
      "height": 229
    },
    "rotated": false,
    "capInsets": [
      0,
      0,
      0,
      0
    ],
    "vertices": {
      "rawPosition": [
        -106.5,
        -105,
        0,
        106.5,
        -105,
        0,
        -106.5,
        105,
        0,
        106.5,
        105,
        0
      ],
      "indexes": [
        0,
        1,
        2,
        2,
        1,
        3
      ],
      "uv": [
        10,
        210,
        223,
        210,
        10,
        0,
        223,
        0
      ],
      "nuv": [
        0.043859649122807015,
        0,
        0.9780701754385965,
        0,
        0.043859649122807015,
        0.9170305676855895,
        0.9780701754385965,
        0.9170305676855895
      ],
      "minPos": {
        "x": -106.5,
        "y": -105,
        "z": 0
      },
      "maxPos": {
        "x": 106.5,
        "y": 105,
        "z": 0
      }
    },
    "texture": "0bb0f834-15da-404b-a31b-5117b703a593@6c48a",
    "packable": true,
    "pixelsToUnit": 100,
    "pivot": {
      "x": 0.5,
      "y": 0.5
    },
    "meshType": 0
  }
}