{
  "__type__": "cc.SpriteFrame",
  "content": {
    "name": "09_hc",
    "atlas": "",
    "rect": {
      "x": 0,
      "y": 48,
      "width": 213,
      "height": 181
    },
    "offset": {
      "x": -7.5,
      "y": -24
    },
    "originalSize": {
      "width": 228,
      "height": 229
    },
    "rotated": false,
    "capInsets": [
      0,
      0,
      0,
      0
    ],
    "vertices": {
      "rawPosition": [
        -106.5,
        -90.5,
        0,
        106.5,
        -90.5,
        0,
        -106.5,
        90.5,
        0,
        106.5,
        90.5,
        0
      ],
      "indexes": [
        0,
        1,
        2,
        2,
        1,
        3
      ],
      "uv": [
        0,
        181,
        213,
        181,
        0,
        0,
        213,
        0
      ],
      "nuv": [
        0,
        0,
        0.9342105263157895,
        0,
        0,
        0.7903930131004366,
        0.9342105263157895,
        0.7903930131004366
      ],
      "minPos": {
        "x": -106.5,
        "y": -90.5,
        "z": 0
      },
      "maxPos": {
        "x": 106.5,
        "y": 90.5,
        "z": 0
      }
    },
    "texture": "0bc5355d-2699-43e4-a111-001ef91546b4@6c48a",
    "packable": true,
    "pixelsToUnit": 100,
    "pivot": {
      "x": 0.5,
      "y": 0.5
    },
    "meshType": 0
  }
}