{
  "__type__": "cc.SpriteFrame",
  "content": {
    "name": "jianmianka",
    "atlas": "",
    "rect": {
      "x": 0,
      "y": 3,
      "width": 134,
      "height": 128
    },
    "offset": {
      "x": 0,
      "y": 0
    },
    "originalSize": {
      "width": 134,
      "height": 134
    },
    "rotated": false,
    "capInsets": [
      0,
      0,
      0,
      0
    ],
    "vertices": {
      "rawPosition": [
        -67,
        -64,
        0,
        67,
        -64,
        0,
        -67,
        64,
        0,
        67,
        64,
        0
      ],
      "indexes": [
        0,
        1,
        2,
        2,
        1,
        3
      ],
      "uv": [
        0,
        131,
        134,
        131,
        0,
        3,
        134,
        3
      ],
      "nuv": [
        0,
        0.022388059701492536,
        1,
        0.022388059701492536,
        0,
        0.9776119402985075,
        1,
        0.9776119402985075
      ],
      "minPos": {
        "x": -67,
        "y": -64,
        "z": 0
      },
      "maxPos": {
        "x": 67,
        "y": 64,
        "z": 0
      }
    },
    "texture": "53697966-c66b-4d69-bfd4-4c869430e57c@6c48a",
    "packable": true,
    "pixelsToUnit": 100,
    "pivot": {
      "x": 0.5,
      "y": 0.5
    },
    "meshType": 0
  }
}