{
  "__type__": "cc.SpriteFrame",
  "content": {
    "name": "jjc",
    "atlas": "",
    "rect": {
      "x": 19,
      "y": 15,
      "width": 100,
      "height": 109
    },
    "offset": {
      "x": 2,
      "y": -2.5
    },
    "originalSize": {
      "width": 134,
      "height": 134
    },
    "rotated": false,
    "capInsets": [
      0,
      0,
      0,
      0
    ],
    "vertices": {
      "rawPosition": [
        -50,
        -54.5,
        0,
        50,
        -54.5,
        0,
        -50,
        54.5,
        0,
        50,
        54.5,
        0
      ],
      "indexes": [
        0,
        1,
        2,
        2,
        1,
        3
      ],
      "uv": [
        19,
        119,
        119,
        119,
        19,
        10,
        119,
        10
      ],
      "nuv": [
        0.1417910447761194,
        0.07462686567164178,
        0.8880597014925373,
        0.07462686567164178,
        0.1417910447761194,
        0.8880597014925373,
        0.8880597014925373,
        0.8880597014925373
      ],
      "minPos": {
        "x": -50,
        "y": -54.5,
        "z": 0
      },
      "maxPos": {
        "x": 50,
        "y": 54.5,
        "z": 0
      }
    },
    "texture": "53aa2ca5-d6a8-4ab0-bbae-c82df07b3717@6c48a",
    "packable": true,
    "pixelsToUnit": 100,
    "pivot": {
      "x": 0.5,
      "y": 0.5
    },
    "meshType": 0
  }
}