{
  "__type__": "cc.SpriteFrame",
  "content": {
    "name": "boxIcon1",
    "atlas": "",
    "rect": {
      "x": 5,
      "y": 27,
      "width": 168,
      "height": 145
    },
    "offset": {
      "x": -1.5,
      "y": -13
    },
    "originalSize": {
      "width": 181,
      "height": 173
    },
    "rotated": false,
    "capInsets": [
      0,
      0,
      0,
      0
    ],
    "vertices": {
      "rawPosition": [
        -84,
        -72.5,
        0,
        84,
        -72.5,
        0,
        -84,
        72.5,
        0,
        84,
        72.5,
        0
      ],
      "indexes": [
        0,
        1,
        2,
        2,
        1,
        3
      ],
      "uv": [
        5,
        146,
        173,
        146,
        5,
        1,
        173,
        1
      ],
      "nuv": [
        0.027624309392265192,
        0.005780346820809248,
        0.9558011049723757,
        0.005780346820809248,
        0.027624309392265192,
        0.8439306358381503,
        0.9558011049723757,
        0.8439306358381503
      ],
      "minPos": {
        "x": -84,
        "y": -72.5,
        "z": 0
      },
      "maxPos": {
        "x": 84,
        "y": 72.5,
        "z": 0
      }
    },
    "texture": "53cad2ba-4160-4d4c-b7b7-88264991dc09@6c48a",
    "packable": true,
    "pixelsToUnit": 100,
    "pivot": {
      "x": 0.5,
      "y": 0.5
    },
    "meshType": 0
  }
}