{
  "__type__": "cc.SpriteFrame",
  "content": {
    "name": "公会按钮",
    "atlas": "",
    "rect": {
      "x": 55,
      "y": 2,
      "width": 115,
      "height": 48
    },
    "offset": {
      "x": 0.5,
      "y": 0
    },
    "originalSize": {
      "width": 224,
      "height": 52
    },
    "rotated": false,
    "capInsets": [
      0,
      0,
      0,
      0
    ],
    "vertices": {
      "rawPosition": [
        -57.5,
        -24,
        0,
        57.5,
        -24,
        0,
        -57.5,
        24,
        0,
        57.5,
        24,
        0
      ],
      "indexes": [
        0,
        1,
        2,
        2,
        1,
        3
      ],
      "uv": [
        55,
        50,
        170,
        50,
        55,
        2,
        170,
        2
      ],
      "nuv": [
        0.24553571428571427,
        0.038461538461538464,
        0.7589285714285714,
        0.038461538461538464,
        0.24553571428571427,
        0.9615384615384616,
        0.7589285714285714,
        0.9615384615384616
      ],
      "minPos": {
        "x": -57.5,
        "y": -24,
        "z": 0
      },
      "maxPos": {
        "x": 57.5,
        "y": 24,
        "z": 0
      }
    },
    "texture": "cfa3a938-614d-46f8-86bb-1af5b2a2150d@6c48a",
    "packable": true,
    "pixelsToUnit": 100,
    "pivot": {
      "x": 0.5,
      "y": 0.5
    },
    "meshType": 0
  }
}