{
  "__type__": "cc.SpriteFrame",
  "content": {
    "name": "zl04",
    "atlas": "",
    "rect": {
      "x": 5,
      "y": 7,
      "width": 124,
      "height": 117
    },
    "offset": {
      "x": 0,
      "y": 1.5
    },
    "originalSize": {
      "width": 134,
      "height": 134
    },
    "rotated": false,
    "capInsets": [
      0,
      0,
      0,
      0
    ],
    "vertices": {
      "rawPosition": [
        -62,
        -58.5,
        0,
        62,
        -58.5,
        0,
        -62,
        58.5,
        0,
        62,
        58.5,
        0
      ],
      "indexes": [
        0,
        1,
        2,
        2,
        1,
        3
      ],
      "uv": [
        5,
        127,
        129,
        127,
        5,
        10,
        129,
        10
      ],
      "nuv": [
        0.03731343283582089,
        0.07462686567164178,
        0.9626865671641791,
        0.07462686567164178,
        0.03731343283582089,
        0.9477611940298507,
        0.9626865671641791,
        0.9477611940298507
      ],
      "minPos": {
        "x": -62,
        "y": -58.5,
        "z": 0
      },
      "maxPos": {
        "x": 62,
        "y": 58.5,
        "z": 0
      }
    },
    "texture": "cfe382e6-e03f-4f3d-852d-88bcf5a3966c@6c48a",
    "packable": true,
    "pixelsToUnit": 100,
    "pivot": {
      "x": 0.5,
      "y": 0.5
    },
    "meshType": 0
  }
}