{
  "__type__": "cc.SpriteFrame",
  "content": {
    "name": "11_hc",
    "atlas": "",
    "rect": {
      "x": 13,
      "y": 2,
      "width": 211,
      "height": 227
    },
    "offset": {
      "x": 4.5,
      "y": -1
    },
    "originalSize": {
      "width": 228,
      "height": 229
    },
    "rotated": false,
    "capInsets": [
      0,
      0,
      0,
      0
    ],
    "vertices": {
      "rawPosition": [
        -105.5,
        -113.5,
        0,
        105.5,
        -113.5,
        0,
        -105.5,
        113.5,
        0,
        105.5,
        113.5,
        0
      ],
      "indexes": [
        0,
        1,
        2,
        2,
        1,
        3
      ],
      "uv": [
        13,
        227,
        224,
        227,
        13,
        0,
        224,
        0
      ],
      "nuv": [
        0.05701754385964912,
        0,
        0.9824561403508771,
        0,
        0.05701754385964912,
        0.9912663755458515,
        0.9824561403508771,
        0.9912663755458515
      ],
      "minPos": {
        "x": -105.5,
        "y": -113.5,
        "z": 0
      },
      "maxPos": {
        "x": 105.5,
        "y": 113.5,
        "z": 0
      }
    },
    "texture": "84387db3-6791-4b1b-8453-df8b55cc8c57@6c48a",
    "packable": true,
    "pixelsToUnit": 100,
    "pivot": {
      "x": 0.5,
      "y": 0.5
    },
    "meshType": 0
  }
}