{
  "__type__": "cc.SpriteFrame",
  "content": {
    "name": "shalou",
    "atlas": "",
    "rect": {
      "x": 13,
      "y": 10,
      "width": 107,
      "height": 117
    },
    "offset": {
      "x": -0.5,
      "y": -1.5
    },
    "originalSize": {
      "width": 134,
      "height": 134
    },
    "rotated": false,
    "capInsets": [
      0,
      0,
      0,
      0
    ],
    "vertices": {
      "rawPosition": [
        -53.5,
        -58.5,
        0,
        53.5,
        -58.5,
        0,
        -53.5,
        58.5,
        0,
        53.5,
        58.5,
        0
      ],
      "indexes": [
        0,
        1,
        2,
        2,
        1,
        3
      ],
      "uv": [
        13,
        124,
        120,
        124,
        13,
        7,
        120,
        7
      ],
      "nuv": [
        0.09701492537313433,
        0.05223880597014925,
        0.8955223880597015,
        0.05223880597014925,
        0.09701492537313433,
        0.9253731343283582,
        0.8955223880597015,
        0.9253731343283582
      ],
      "minPos": {
        "x": -53.5,
        "y": -58.5,
        "z": 0
      },
      "maxPos": {
        "x": 53.5,
        "y": 58.5,
        "z": 0
      }
    },
    "texture": "6d705391-2f40-47df-9960-f4a937d3d77d@6c48a",
    "packable": true,
    "pixelsToUnit": 100,
    "pivot": {
      "x": 0.5,
      "y": 0.5
    },
    "meshType": 0
  }
}