{
  "__type__": "cc.SpriteFrame",
  "content": {
    "name": "luckyBg_103",
    "atlas": "",
    "rect": {
      "x": 0,
      "y": 0,
      "width": 1073,
      "height": 709
    },
    "offset": {
      "x": -0.5,
      "y": 0
    },
    "originalSize": {
      "width": 1074,
      "height": 709
    },
    "rotated": false,
    "capInsets": [
      0,
      0,
      0,
      0
    ],
    "vertices": {
      "rawPosition": [
        -536.5,
        -354.5,
        0,
        536.5,
        -354.5,
        0,
        -536.5,
        354.5,
        0,
        536.5,
        354.5,
        0
      ],
      "indexes": [
        0,
        1,
        2,
        2,
        1,
        3
      ],
      "uv": [
        0,
        709,
        1073,
        709,
        0,
        0,
        1073,
        0
      ],
      "nuv": [
        0,
        0,
        0.9990689013035382,
        0,
        0,
        1,
        0.9990689013035382,
        1
      ],
      "minPos": {
        "x": -536.5,
        "y": -354.5,
        "z": 0
      },
      "maxPos": {
        "x": 536.5,
        "y": 354.5,
        "z": 0
      }
    },
    "texture": "093feb1b-8824-47b6-ac7d-0030ed6d2a7f@6c48a",
    "packable": false,
    "pixelsToUnit": 100,
    "pivot": {
      "x": 0.5,
      "y": 0.5
    },
    "meshType": 0
  }
}