{
  "__type__": "cc.SpriteFrame",
  "content": {
    "name": "icon_by",
    "atlas": "",
    "rect": {
      "x": 8,
      "y": 28,
      "width": 284,
      "height": 263
    },
    "offset": {
      "x": 1,
      "y": -14
    },
    "originalSize": {
      "width": 298,
      "height": 291
    },
    "rotated": false,
    "capInsets": [
      0,
      0,
      0,
      0
    ],
    "vertices": {
      "rawPosition": [
        -142,
        -131.5,
        0,
        142,
        -131.5,
        0,
        -142,
        131.5,
        0,
        142,
        131.5,
        0
      ],
      "indexes": [
        0,
        1,
        2,
        2,
        1,
        3
      ],
      "uv": [
        8,
        263,
        292,
        263,
        8,
        0,
        292,
        0
      ],
      "nuv": [
        0.026845637583892617,
        0,
        0.9798657718120806,
        0,
        0.026845637583892617,
        0.9037800687285223,
        0.9798657718120806,
        0.9037800687285223
      ],
      "minPos": {
        "x": -142,
        "y": -131.5,
        "z": 0
      },
      "maxPos": {
        "x": 142,
        "y": 131.5,
        "z": 0
      }
    },
    "texture": "09425bc3-30ad-40c9-9867-654b79e49ad1@6c48a",
    "packable": true,
    "pixelsToUnit": 100,
    "pivot": {
      "x": 0.5,
      "y": 0.5
    },
    "meshType": 0
  }
}