{
  "__type__": "cc.SpriteFrame",
  "content": {
    "name": "huihuangshi",
    "atlas": "",
    "rect": {
      "x": 14,
      "y": 14,
      "width": 110,
      "height": 112
    },
    "offset": {
      "x": 2,
      "y": -3
    },
    "originalSize": {
      "width": 134,
      "height": 134
    },
    "rotated": false,
    "capInsets": [
      0,
      0,
      0,
      0
    ],
    "vertices": {
      "rawPosition": [
        -55,
        -56,
        0,
        55,
        -56,
        0,
        -55,
        56,
        0,
        55,
        56,
        0
      ],
      "indexes": [
        0,
        1,
        2,
        2,
        1,
        3
      ],
      "uv": [
        14,
        120,
        124,
        120,
        14,
        8,
        124,
        8
      ],
      "nuv": [
        0.1044776119402985,
        0.05970149253731343,
        0.9253731343283582,
        0.05970149253731343,
        0.1044776119402985,
        0.8955223880597015,
        0.9253731343283582,
        0.8955223880597015
      ],
      "minPos": {
        "x": -55,
        "y": -56,
        "z": 0
      },
      "maxPos": {
        "x": 55,
        "y": 56,
        "z": 0
      }
    },
    "texture": "945101fb-38d0-4f23-8b36-831ef0cd17da@6c48a",
    "packable": true,
    "pixelsToUnit": 100,
    "pivot": {
      "x": 0.5,
      "y": 0.5
    },
    "meshType": 0
  }
}