{
  "__type__": "cc.SpriteFrame",
  "content": {
    "name": "yupiao",
    "atlas": "",
    "rect": {
      "x": 18,
      "y": 11,
      "width": 101,
      "height": 117
    },
    "offset": {
      "x": 1.5,
      "y": -2.5
    },
    "originalSize": {
      "width": 134,
      "height": 134
    },
    "rotated": false,
    "capInsets": [
      0,
      0,
      0,
      0
    ],
    "vertices": {
      "rawPosition": [
        -50.5,
        -58.5,
        0,
        50.5,
        -58.5,
        0,
        -50.5,
        58.5,
        0,
        50.5,
        58.5,
        0
      ],
      "indexes": [
        0,
        1,
        2,
        2,
        1,
        3
      ],
      "uv": [
        18,
        123,
        119,
        123,
        18,
        6,
        119,
        6
      ],
      "nuv": [
        0.13432835820895522,
        0.04477611940298507,
        0.8880597014925373,
        0.04477611940298507,
        0.13432835820895522,
        0.917910447761194,
        0.8880597014925373,
        0.917910447761194
      ],
      "minPos": {
        "x": -50.5,
        "y": -58.5,
        "z": 0
      },
      "maxPos": {
        "x": 50.5,
        "y": 58.5,
        "z": 0
      }
    },
    "texture": "94c10461-45f2-4770-80fd-b7bcad1341db@6c48a",
    "packable": true,
    "pixelsToUnit": 100,
    "pivot": {
      "x": 0.5,
      "y": 0.5
    },
    "meshType": 0
  }
}