{
  "__type__": "cc.SpriteFrame",
  "content": {
    "name": "03_hc",
    "atlas": "",
    "rect": {
      "x": 16,
      "y": 19,
      "width": 204,
      "height": 210
    },
    "offset": {
      "x": 4,
      "y": -9.5
    },
    "originalSize": {
      "width": 228,
      "height": 229
    },
    "rotated": false,
    "capInsets": [
      0,
      0,
      0,
      0
    ],
    "vertices": {
      "rawPosition": [
        -102,
        -105,
        0,
        102,
        -105,
        0,
        -102,
        105,
        0,
        102,
        105,
        0
      ],
      "indexes": [
        0,
        1,
        2,
        2,
        1,
        3
      ],
      "uv": [
        16,
        210,
        220,
        210,
        16,
        0,
        220,
        0
      ],
      "nuv": [
        0.07017543859649122,
        0,
        0.9649122807017544,
        0,
        0.07017543859649122,
        0.9170305676855895,
        0.9649122807017544,
        0.9170305676855895
      ],
      "minPos": {
        "x": -102,
        "y": -105,
        "z": 0
      },
      "maxPos": {
        "x": 102,
        "y": 105,
        "z": 0
      }
    },
    "texture": "8c4cad06-e1a8-4252-9b26-c6d2065eaf5e@6c48a",
    "packable": true,
    "pixelsToUnit": 100,
    "pivot": {
      "x": 0.5,
      "y": 0.5
    },
    "meshType": 0
  }
}