{
  "__type__": "cc.SpriteFrame",
  "content": {
    "name": "qdf",
    "atlas": "",
    "rect": {
      "x": 14,
      "y": 14,
      "width": 111,
      "height": 112
    },
    "offset": {
      "x": 2.5,
      "y": -3
    },
    "originalSize": {
      "width": 134,
      "height": 134
    },
    "rotated": false,
    "capInsets": [
      0,
      0,
      0,
      0
    ],
    "vertices": {
      "rawPosition": [
        -55.5,
        -56,
        0,
        55.5,
        -56,
        0,
        -55.5,
        56,
        0,
        55.5,
        56,
        0
      ],
      "indexes": [
        0,
        1,
        2,
        2,
        1,
        3
      ],
      "uv": [
        14,
        120,
        125,
        120,
        14,
        8,
        125,
        8
      ],
      "nuv": [
        0.1044776119402985,
        0.05970149253731343,
        0.9328358208955224,
        0.05970149253731343,
        0.1044776119402985,
        0.8955223880597015,
        0.9328358208955224,
        0.8955223880597015
      ],
      "minPos": {
        "x": -55.5,
        "y": -56,
        "z": 0
      },
      "maxPos": {
        "x": 55.5,
        "y": 56,
        "z": 0
      }
    },
    "texture": "acaf4317-1097-4d69-80f9-8ddc33ba6739@6c48a",
    "packable": true,
    "pixelsToUnit": 100,
    "pivot": {
      "x": 0.5,
      "y": 0.5
    },
    "meshType": 0
  }
}