{
  "__type__": "cc.SpriteFrame",
  "content": {
    "name": "12_hc",
    "atlas": "",
    "rect": {
      "x": 12,
      "y": 10,
      "width": 194,
      "height": 219
    },
    "offset": {
      "x": -5,
      "y": -5
    },
    "originalSize": {
      "width": 228,
      "height": 229
    },
    "rotated": false,
    "capInsets": [
      0,
      0,
      0,
      0
    ],
    "vertices": {
      "rawPosition": [
        -97,
        -109.5,
        0,
        97,
        -109.5,
        0,
        -97,
        109.5,
        0,
        97,
        109.5,
        0
      ],
      "indexes": [
        0,
        1,
        2,
        2,
        1,
        3
      ],
      "uv": [
        12,
        219,
        206,
        219,
        12,
        0,
        206,
        0
      ],
      "nuv": [
        0.05263157894736842,
        0,
        0.9035087719298246,
        0,
        0.05263157894736842,
        0.9563318777292577,
        0.9035087719298246,
        0.9563318777292577
      ],
      "minPos": {
        "x": -97,
        "y": -109.5,
        "z": 0
      },
      "maxPos": {
        "x": 97,
        "y": 109.5,
        "z": 0
      }
    },
    "texture": "cbe7eb90-3f83-4c9b-8c35-a6e99f009678@6c48a",
    "packable": true,
    "pixelsToUnit": 100,
    "pivot": {
      "x": 0.5,
      "y": 0.5
    },
    "meshType": 0
  }
}