{
  "__type__": "cc.SpriteFrame",
  "content": {
    "name": "frame_1",
    "atlas": "",
    "rect": {
      "x": 36,
      "y": 52,
      "width": 298,
      "height": 378
    },
    "offset": {
      "x": 0,
      "y": 0
    },
    "originalSize": {
      "width": 370,
      "height": 482
    },
    "rotated": false,
    "capInsets": [
      0,
      0,
      0,
      0
    ],
    "vertices": {
      "rawPosition": [
        -149,
        -189,
        0,
        149,
        -189,
        0,
        -149,
        189,
        0,
        149,
        189,
        0
      ],
      "indexes": [
        0,
        1,
        2,
        2,
        1,
        3
      ],
      "uv": [
        36,
        430,
        334,
        430,
        36,
        52,
        334,
        52
      ],
      "nuv": [
        0.0972972972972973,
        0.1078838174273859,
        0.9027027027027027,
        0.1078838174273859,
        0.0972972972972973,
        0.8921161825726142,
        0.9027027027027027,
        0.8921161825726142
      ],
      "minPos": {
        "x": -149,
        "y": -189,
        "z": 0
      },
      "maxPos": {
        "x": 149,
        "y": 189,
        "z": 0
      }
    },
    "texture": "f8fefce3-6af7-4fe9-9d59-baab35a05f41@6c48a",
    "packable": true,
    "pixelsToUnit": 100,
    "pivot": {
      "x": 0.5,
      "y": 0.5
    },
    "meshType": 0
  }
}