{
  "__type__": "cc.SpriteFrame",
  "content": {
    "name": "04_hc",
    "atlas": "",
    "rect": {
      "x": 14,
      "y": 25,
      "width": 190,
      "height": 204
    },
    "offset": {
      "x": -5,
      "y": -12.5
    },
    "originalSize": {
      "width": 228,
      "height": 229
    },
    "rotated": false,
    "capInsets": [
      0,
      0,
      0,
      0
    ],
    "vertices": {
      "rawPosition": [
        -95,
        -102,
        0,
        95,
        -102,
        0,
        -95,
        102,
        0,
        95,
        102,
        0
      ],
      "indexes": [
        0,
        1,
        2,
        2,
        1,
        3
      ],
      "uv": [
        14,
        204,
        204,
        204,
        14,
        0,
        204,
        0
      ],
      "nuv": [
        0.06140350877192982,
        0,
        0.8947368421052632,
        0,
        0.06140350877192982,
        0.8908296943231441,
        0.8947368421052632,
        0.8908296943231441
      ],
      "minPos": {
        "x": -95,
        "y": -102,
        "z": 0
      },
      "maxPos": {
        "x": 95,
        "y": 102,
        "z": 0
      }
    },
    "texture": "83f7f8a3-0c69-4f75-9004-6e063ab659d8@6c48a",
    "packable": true,
    "pixelsToUnit": 100,
    "pivot": {
      "x": 0.5,
      "y": 0.5
    },
    "meshType": 0
  }
}