{
  "__type__": "cc.SpriteFrame",
  "content": {
    "name": "3901",
    "atlas": "",
    "rect": {
      "x": 18,
      "y": 17,
      "width": 127,
      "height": 128
    },
    "offset": {
      "x": 4.5,
      "y": -4
    },
    "originalSize": {
      "width": 154,
      "height": 154
    },
    "rotated": false,
    "capInsets": [
      0,
      0,
      0,
      0
    ],
    "vertices": {
      "rawPosition": [
        -63.5,
        -64,
        0,
        63.5,
        -64,
        0,
        -63.5,
        64,
        0,
        63.5,
        64,
        0
      ],
      "indexes": [
        0,
        1,
        2,
        2,
        1,
        3
      ],
      "uv": [
        18,
        137,
        145,
        137,
        18,
        9,
        145,
        9
      ],
      "nuv": [
        0.11688311688311688,
        0.05844155844155844,
        0.9415584415584416,
        0.05844155844155844,
        0.11688311688311688,
        0.8896103896103896,
        0.9415584415584416,
        0.8896103896103896
      ],
      "minPos": {
        "x": -63.5,
        "y": -64,
        "z": 0
      },
      "maxPos": {
        "x": 63.5,
        "y": 64,
        "z": 0
      }
    },
    "texture": "c73a38c8-a7fc-4cb4-99c0-76e72a460b7f@6c48a",
    "packable": true,
    "pixelsToUnit": 100,
    "pivot": {
      "x": 0.5,
      "y": 0.5
    },
    "meshType": 0
  }
}