{
  "__type__": "cc.SpriteFrame",
  "content": {
    "name": "baoxiang1",
    "atlas": "",
    "rect": {
      "x": 10,
      "y": 20,
      "width": 116,
      "height": 96
    },
    "offset": {
      "x": 1,
      "y": -1
    },
    "originalSize": {
      "width": 134,
      "height": 134
    },
    "rotated": false,
    "capInsets": [
      0,
      0,
      0,
      0
    ],
    "vertices": {
      "rawPosition": [
        -58,
        -48,
        0,
        58,
        -48,
        0,
        -58,
        48,
        0,
        58,
        48,
        0
      ],
      "indexes": [
        0,
        1,
        2,
        2,
        1,
        3
      ],
      "uv": [
        10,
        114,
        126,
        114,
        10,
        18,
        126,
        18
      ],
      "nuv": [
        0.07462686567164178,
        0.13432835820895522,
        0.9402985074626866,
        0.13432835820895522,
        0.07462686567164178,
        0.8507462686567164,
        0.9402985074626866,
        0.8507462686567164
      ],
      "minPos": {
        "x": -58,
        "y": -48,
        "z": 0
      },
      "maxPos": {
        "x": 58,
        "y": 48,
        "z": 0
      }
    },
    "texture": "c77480e0-d12b-4e26-920a-75ee6555dc10@6c48a",
    "packable": true,
    "pixelsToUnit": 100,
    "pivot": {
      "x": 0.5,
      "y": 0.5
    },
    "meshType": 0
  }
}