{
  "__type__": "cc.SpriteFrame",
  "content": {
    "name": "heiyaoshi",
    "atlas": "",
    "rect": {
      "x": 15,
      "y": 11,
      "width": 106,
      "height": 108
    },
    "offset": {
      "x": 1,
      "y": 2
    },
    "originalSize": {
      "width": 134,
      "height": 134
    },
    "rotated": false,
    "capInsets": [
      0,
      0,
      0,
      0
    ],
    "vertices": {
      "rawPosition": [
        -53,
        -54,
        0,
        53,
        -54,
        0,
        -53,
        54,
        0,
        53,
        54,
        0
      ],
      "indexes": [
        0,
        1,
        2,
        2,
        1,
        3
      ],
      "uv": [
        15,
        123,
        121,
        123,
        15,
        15,
        121,
        15
      ],
      "nuv": [
        0.11194029850746269,
        0.11194029850746269,
        0.9029850746268657,
        0.11194029850746269,
        0.11194029850746269,
        0.917910447761194,
        0.9029850746268657,
        0.917910447761194
      ],
      "minPos": {
        "x": -53,
        "y": -54,
        "z": 0
      },
      "maxPos": {
        "x": 53,
        "y": 54,
        "z": 0
      }
    },
    "texture": "c7864f77-bd44-4ef1-9624-2c1a0ff28868@6c48a",
    "packable": true,
    "pixelsToUnit": 100,
    "pivot": {
      "x": 0.5,
      "y": 0.5
    },
    "meshType": 0
  }
}