{
  "__type__": "cc.SpriteFrame",
  "content": {
    "name": "2001",
    "atlas": "",
    "rect": {
      "x": 8,
      "y": 15,
      "width": 143,
      "height": 130
    },
    "offset": {
      "x": 2.5,
      "y": -3
    },
    "originalSize": {
      "width": 154,
      "height": 154
    },
    "rotated": false,
    "capInsets": [
      0,
      0,
      0,
      0
    ],
    "vertices": {
      "rawPosition": [
        -71.5,
        -65,
        0,
        71.5,
        -65,
        0,
        -71.5,
        65,
        0,
        71.5,
        65,
        0
      ],
      "indexes": [
        0,
        1,
        2,
        2,
        1,
        3
      ],
      "uv": [
        8,
        139,
        151,
        139,
        8,
        9,
        151,
        9
      ],
      "nuv": [
        0.05194805194805195,
        0.05844155844155844,
        0.9805194805194806,
        0.05844155844155844,
        0.05194805194805195,
        0.9025974025974026,
        0.9805194805194806,
        0.9025974025974026
      ],
      "minPos": {
        "x": -71.5,
        "y": -65,
        "z": 0
      },
      "maxPos": {
        "x": 71.5,
        "y": 65,
        "z": 0
      }
    },
    "texture": "86eda2fc-0ddc-4874-bef8-e9aa6bce554e@6c48a",
    "packable": true,
    "pixelsToUnit": 100,
    "pivot": {
      "x": 0.5,
      "y": 0.5
    },
    "meshType": 0
  }
}