{
  "__type__": "cc.SpriteFrame",
  "content": {
    "name": "0043",
    "atlas": "",
    "rect": {
      "x": 3,
      "y": 12,
      "width": 132,
      "height": 130
    },
    "offset": {
      "x": -8,
      "y": 0
    },
    "originalSize": {
      "width": 154,
      "height": 154
    },
    "rotated": false,
    "capInsets": [
      0,
      0,
      0,
      0
    ],
    "vertices": {
      "rawPosition": [
        -66,
        -65,
        0,
        66,
        -65,
        0,
        -66,
        65,
        0,
        66,
        65,
        0
      ],
      "indexes": [
        0,
        1,
        2,
        2,
        1,
        3
      ],
      "uv": [
        3,
        142,
        135,
        142,
        3,
        12,
        135,
        12
      ],
      "nuv": [
        0.01948051948051948,
        0.07792207792207792,
        0.8766233766233766,
        0.07792207792207792,
        0.01948051948051948,
        0.922077922077922,
        0.8766233766233766,
        0.922077922077922
      ],
      "minPos": {
        "x": -66,
        "y": -65,
        "z": 0
      },
      "maxPos": {
        "x": 66,
        "y": 65,
        "z": 0
      }
    },
    "texture": "8b21472e-ecfb-4916-9c28-766ace477ec4@6c48a",
    "packable": true,
    "pixelsToUnit": 100,
    "pivot": {
      "x": 0.5,
      "y": 0.5
    },
    "meshType": 0
  }
}