{
  "__type__": "cc.SpriteFrame",
  "content": {
    "name": "jiasu04",
    "atlas": "",
    "rect": {
      "x": 16,
      "y": 8,
      "width": 118,
      "height": 112
    },
    "offset": {
      "x": 8,
      "y": 3
    },
    "originalSize": {
      "width": 134,
      "height": 134
    },
    "rotated": false,
    "capInsets": [
      0,
      0,
      0,
      0
    ],
    "vertices": {
      "rawPosition": [
        -59,
        -56,
        0,
        59,
        -56,
        0,
        -59,
        56,
        0,
        59,
        56,
        0
      ],
      "indexes": [
        0,
        1,
        2,
        2,
        1,
        3
      ],
      "uv": [
        16,
        126,
        134,
        126,
        16,
        14,
        134,
        14
      ],
      "nuv": [
        0.11940298507462686,
        0.1044776119402985,
        1,
        0.1044776119402985,
        0.11940298507462686,
        0.9402985074626866,
        1,
        0.9402985074626866
      ],
      "minPos": {
        "x": -59,
        "y": -56,
        "z": 0
      },
      "maxPos": {
        "x": 59,
        "y": 56,
        "z": 0
      }
    },
    "texture": "8bbbba09-64d7-4d47-8ccf-6d37c7258b51@6c48a",
    "packable": true,
    "pixelsToUnit": 100,
    "pivot": {
      "x": 0.5,
      "y": 0.5
    },
    "meshType": 0
  }
}