{
  "__type__": "cc.SpriteFrame",
  "content": {
    "name": "icon_qt",
    "atlas": "",
    "rect": {
      "x": 7,
      "y": 18,
      "width": 286,
      "height": 271
    },
    "offset": {
      "x": 1,
      "y": -8
    },
    "originalSize": {
      "width": 298,
      "height": 291
    },
    "rotated": false,
    "capInsets": [
      0,
      0,
      0,
      0
    ],
    "vertices": {
      "rawPosition": [
        -143,
        -135.5,
        0,
        143,
        -135.5,
        0,
        -143,
        135.5,
        0,
        143,
        135.5,
        0
      ],
      "indexes": [
        0,
        1,
        2,
        2,
        1,
        3
      ],
      "uv": [
        7,
        273,
        293,
        273,
        7,
        2,
        293,
        2
      ],
      "nuv": [
        0.02348993288590604,
        0.006872852233676976,
        0.9832214765100671,
        0.006872852233676976,
        0.02348993288590604,
        0.9381443298969072,
        0.9832214765100671,
        0.9381443298969072
      ],
      "minPos": {
        "x": -143,
        "y": -135.5,
        "z": 0
      },
      "maxPos": {
        "x": 143,
        "y": 135.5,
        "z": 0
      }
    },
    "texture": "4592d540-c3c6-408b-ac40-731dc4c62777@6c48a",
    "packable": true,
    "pixelsToUnit": 100,
    "pivot": {
      "x": 0.5,
      "y": 0.5
    },
    "meshType": 0
  }
}