{
  "__type__": "cc.SpriteFrame",
  "content": {
    "name": "area_icon_0007",
    "atlas": "",
    "rect": {
      "x": 0,
      "y": 7,
      "width": 60,
      "height": 46
    },
    "offset": {
      "x": 0,
      "y": 0
    },
    "originalSize": {
      "width": 60,
      "height": 60
    },
    "rotated": false,
    "capInsets": [
      0,
      0,
      0,
      0
    ],
    "vertices": {
      "rawPosition": [
        -30,
        -23,
        0,
        30,
        -23,
        0,
        -30,
        23,
        0,
        30,
        23,
        0
      ],
      "indexes": [
        0,
        1,
        2,
        2,
        1,
        3
      ],
      "uv": [
        0,
        53,
        60,
        53,
        0,
        7,
        60,
        7
      ],
      "nuv": [
        0,
        0.11666666666666667,
        1,
        0.11666666666666667,
        0,
        0.8833333333333333,
        1,
        0.8833333333333333
      ],
      "minPos": {
        "x": -30,
        "y": -23,
        "z": 0
      },
      "maxPos": {
        "x": 30,
        "y": 23,
        "z": 0
      }
    },
    "texture": "0fe16451-ade1-4fe0-be15-b07fe92a626e@6c48a",
    "packable": true,
    "pixelsToUnit": 100,
    "pivot": {
      "x": 0.5,
      "y": 0.5
    },
    "meshType": 0
  }
}