{
  "__type__": "cc.SpriteFrame",
  "content": {
    "name": "ghk3",
    "atlas": "",
    "rect": {
      "x": 20,
      "y": 16,
      "width": 98,
      "height": 107
    },
    "offset": {
      "x": 2,
      "y": -2.5
    },
    "originalSize": {
      "width": 134,
      "height": 134
    },
    "rotated": false,
    "capInsets": [
      0,
      0,
      0,
      0
    ],
    "vertices": {
      "rawPosition": [
        -49,
        -53.5,
        0,
        49,
        -53.5,
        0,
        -49,
        53.5,
        0,
        49,
        53.5,
        0
      ],
      "indexes": [
        0,
        1,
        2,
        2,
        1,
        3
      ],
      "uv": [
        20,
        118,
        118,
        118,
        20,
        11,
        118,
        11
      ],
      "nuv": [
        0.14925373134328357,
        0.08208955223880597,
        0.8805970149253731,
        0.08208955223880597,
        0.14925373134328357,
        0.8805970149253731,
        0.8805970149253731,
        0.8805970149253731
      ],
      "minPos": {
        "x": -49,
        "y": -53.5,
        "z": 0
      },
      "maxPos": {
        "x": 49,
        "y": 53.5,
        "z": 0
      }
    },
    "texture": "8f0ca109-d289-4564-8909-5458afa57c02@6c48a",
    "packable": true,
    "pixelsToUnit": 100,
    "pivot": {
      "x": 0.5,
      "y": 0.5
    },
    "meshType": 0
  }
}