{
  "__type__": "cc.SpriteFrame",
  "content": {
    "name": "框01",
    "atlas": "",
    "rect": {
      "x": 10,
      "y": 4,
      "width": 208,
      "height": 206
    },
    "offset": {
      "x": 4,
      "y": -2
    },
    "originalSize": {
      "width": 220,
      "height": 210
    },
    "rotated": false,
    "capInsets": [
      0,
      0,
      0,
      0
    ],
    "vertices": {
      "rawPosition": [
        -104,
        -103,
        0,
        104,
        -103,
        0,
        -104,
        103,
        0,
        104,
        103,
        0
      ],
      "indexes": [
        0,
        1,
        2,
        2,
        1,
        3
      ],
      "uv": [
        10,
        206,
        218,
        206,
        10,
        0,
        218,
        0
      ],
      "nuv": [
        0.045454545454545456,
        0,
        0.990909090909091,
        0,
        0.045454545454545456,
        0.9809523809523809,
        0.990909090909091,
        0.9809523809523809
      ],
      "minPos": {
        "x": -104,
        "y": -103,
        "z": 0
      },
      "maxPos": {
        "x": 104,
        "y": 103,
        "z": 0
      }
    },
    "texture": "8f3ee3b4-e13c-4a2b-8d10-8385c8350f8f@6c48a",
    "packable": true,
    "pixelsToUnit": 100,
    "pivot": {
      "x": 0.5,
      "y": 0.5
    },
    "meshType": 0
  }
}