{
  "__type__": "cc.SpriteFrame",
  "content": {
    "name": "boxIcon2",
    "atlas": "",
    "rect": {
      "x": 7,
      "y": 1,
      "width": 166,
      "height": 172
    },
    "offset": {
      "x": -0.5,
      "y": -0.5
    },
    "originalSize": {
      "width": 181,
      "height": 173
    },
    "rotated": false,
    "capInsets": [
      0,
      0,
      0,
      0
    ],
    "vertices": {
      "rawPosition": [
        -83,
        -86,
        0,
        83,
        -86,
        0,
        -83,
        86,
        0,
        83,
        86,
        0
      ],
      "indexes": [
        0,
        1,
        2,
        2,
        1,
        3
      ],
      "uv": [
        7,
        172,
        173,
        172,
        7,
        0,
        173,
        0
      ],
      "nuv": [
        0.03867403314917127,
        0,
        0.9558011049723757,
        0,
        0.03867403314917127,
        0.9942196531791907,
        0.9558011049723757,
        0.9942196531791907
      ],
      "minPos": {
        "x": -83,
        "y": -86,
        "z": 0
      },
      "maxPos": {
        "x": 83,
        "y": 86,
        "z": 0
      }
    },
    "texture": "8f96f2a2-fff7-46d9-8219-b68bf9c328c4@6c48a",
    "packable": true,
    "pixelsToUnit": 100,
    "pivot": {
      "x": 0.5,
      "y": 0.5
    },
    "meshType": 0
  }
}