{
  "__type__": "cc.SpriteFrame",
  "content": {
    "name": "05_hc",
    "atlas": "",
    "rect": {
      "x": 1,
      "y": 1,
      "width": 226,
      "height": 228
    },
    "offset": {
      "x": 0,
      "y": -0.5
    },
    "originalSize": {
      "width": 228,
      "height": 229
    },
    "rotated": false,
    "capInsets": [
      0,
      0,
      0,
      0
    ],
    "vertices": {
      "rawPosition": [
        -113,
        -114,
        0,
        113,
        -114,
        0,
        -113,
        114,
        0,
        113,
        114,
        0
      ],
      "indexes": [
        0,
        1,
        2,
        2,
        1,
        3
      ],
      "uv": [
        1,
        228,
        227,
        228,
        1,
        0,
        227,
        0
      ],
      "nuv": [
        0.0043859649122807015,
        0,
        0.9956140350877193,
        0,
        0.0043859649122807015,
        0.9956331877729258,
        0.9956140350877193,
        0.9956331877729258
      ],
      "minPos": {
        "x": -113,
        "y": -114,
        "z": 0
      },
      "maxPos": {
        "x": 113,
        "y": 114,
        "z": 0
      }
    },
    "texture": "ff9b5fb5-194e-40f0-999a-fe61a83fbfe5@6c48a",
    "packable": true,
    "pixelsToUnit": 100,
    "pivot": {
      "x": 0.5,
      "y": 0.5
    },
    "meshType": 0
  }
}