{
  "__type__": "cc.SpriteFrame",
  "content": {
    "name": "10",
    "atlas": "",
    "rect": {
      "x": 3,
      "y": 0,
      "width": 100,
      "height": 113
    },
    "offset": {
      "x": 1.5,
      "y": 0
    },
    "originalSize": {
      "width": 103,
      "height": 113
    },
    "rotated": false,
    "capInsets": [
      0,
      0,
      0,
      0
    ],
    "vertices": {
      "rawPosition": [
        -50,
        -56.5,
        0,
        50,
        -56.5,
        0,
        -50,
        56.5,
        0,
        50,
        56.5,
        0
      ],
      "indexes": [
        0,
        1,
        2,
        2,
        1,
        3
      ],
      "uv": [
        3,
        113,
        103,
        113,
        3,
        0,
        103,
        0
      ],
      "nuv": [
        0.02912621359223301,
        0,
        1,
        0,
        0.02912621359223301,
        1,
        1,
        1
      ],
      "minPos": {
        "x": -50,
        "y": -56.5,
        "z": 0
      },
      "maxPos": {
        "x": 50,
        "y": 56.5,
        "z": 0
      }
    },
    "texture": "1a795922-9922-46e7-82c7-ff46d177074d@6c48a",
    "packable": true,
    "pixelsToUnit": 100,
    "pivot": {
      "x": 0.5,
      "y": 0.5
    },
    "meshType": 0
  }
}