{
  "__type__": "cc.SpriteFrame",
  "content": {
    "name": "14_hc",
    "atlas": "",
    "rect": {
      "x": 15,
      "y": 0,
      "width": 210,
      "height": 229
    },
    "offset": {
      "x": 6,
      "y": 0
    },
    "originalSize": {
      "width": 228,
      "height": 229
    },
    "rotated": false,
    "capInsets": [
      0,
      0,
      0,
      0
    ],
    "vertices": {
      "rawPosition": [
        -105,
        -114.5,
        0,
        105,
        -114.5,
        0,
        -105,
        114.5,
        0,
        105,
        114.5,
        0
      ],
      "indexes": [
        0,
        1,
        2,
        2,
        1,
        3
      ],
      "uv": [
        15,
        229,
        225,
        229,
        15,
        0,
        225,
        0
      ],
      "nuv": [
        0.06578947368421052,
        0,
        0.9868421052631579,
        0,
        0.06578947368421052,
        1,
        0.9868421052631579,
        1
      ],
      "minPos": {
        "x": -105,
        "y": -114.5,
        "z": 0
      },
      "maxPos": {
        "x": 105,
        "y": 114.5,
        "z": 0
      }
    },
    "texture": "1abe6ba1-72b1-43a9-be47-1cd4c615d707@6c48a",
    "packable": true,
    "pixelsToUnit": 100,
    "pivot": {
      "x": 0.5,
      "y": 0.5
    },
    "meshType": 0
  }
}