{
  "__type__": "cc.SpriteFrame",
  "content": {
    "name": "jingyandan2",
    "atlas": "",
    "rect": {
      "x": 9,
      "y": 9,
      "width": 116,
      "height": 116
    },
    "offset": {
      "x": 0,
      "y": 0
    },
    "originalSize": {
      "width": 134,
      "height": 134
    },
    "rotated": false,
    "capInsets": [
      0,
      0,
      0,
      0
    ],
    "vertices": {
      "rawPosition": [
        -58,
        -58,
        0,
        58,
        -58,
        0,
        -58,
        58,
        0,
        58,
        58,
        0
      ],
      "indexes": [
        0,
        1,
        2,
        2,
        1,
        3
      ],
      "uv": [
        9,
        125,
        125,
        125,
        9,
        9,
        125,
        9
      ],
      "nuv": [
        0.06716417910447761,
        0.06716417910447761,
        0.9328358208955224,
        0.06716417910447761,
        0.06716417910447761,
        0.9328358208955224,
        0.9328358208955224,
        0.9328358208955224
      ],
      "minPos": {
        "x": -58,
        "y": -58,
        "z": 0
      },
      "maxPos": {
        "x": 58,
        "y": 58,
        "z": 0
      }
    },
    "texture": "17b37c80-9b96-4d9c-8ce6-a24b454c2891@6c48a",
    "packable": true,
    "pixelsToUnit": 100,
    "pivot": {
      "x": 0.5,
      "y": 0.5
    },
    "meshType": 0
  }
}