{
  "__type__": "cc.SpriteFrame",
  "content": {
    "name": "UR_bag_mask_bg",
    "atlas": "",
    "rect": {
      "x": 0,
      "y": 0,
      "width": 102,
      "height": 112
    },
    "offset": {
      "x": -0.5,
      "y": 0.5
    },
    "originalSize": {
      "width": 103,
      "height": 113
    },
    "rotated": false,
    "capInsets": [
      0,
      0,
      0,
      0
    ],
    "vertices": {
      "rawPosition": [
        -51,
        -56,
        0,
        51,
        -56,
        0,
        -51,
        56,
        0,
        51,
        56,
        0
      ],
      "indexes": [
        0,
        1,
        2,
        2,
        1,
        3
      ],
      "uv": [
        0,
        113,
        102,
        113,
        0,
        1,
        102,
        1
      ],
      "nuv": [
        0,
        0.008849557522123894,
        0.9902912621359223,
        0.008849557522123894,
        0,
        1,
        0.9902912621359223,
        1
      ],
      "minPos": {
        "x": -51,
        "y": -56,
        "z": 0
      },
      "maxPos": {
        "x": 51,
        "y": 56,
        "z": 0
      }
    },
    "texture": "7b882fd2-4798-46f1-902b-03f5137e6de8@6c48a",
    "packable": true,
    "pixelsToUnit": 100,
    "pivot": {
      "x": 0.5,
      "y": 0.5
    },
    "meshType": 0
  }
}