{
  "__type__": "cc.SpriteFrame",
  "content": {
    "name": "hj_5",
    "atlas": "",
    "rect": {
      "x": 3,
      "y": 3,
      "width": 148,
      "height": 50
    },
    "offset": {
      "x": 1,
      "y": -1.5
    },
    "originalSize": {
      "width": 152,
      "height": 53
    },
    "rotated": false,
    "capInsets": [
      0,
      0,
      0,
      0
    ],
    "vertices": {
      "rawPosition": [
        -74,
        -25,
        0,
        74,
        -25,
        0,
        -74,
        25,
        0,
        74,
        25,
        0
      ],
      "indexes": [
        0,
        1,
        2,
        2,
        1,
        3
      ],
      "uv": [
        3,
        50,
        151,
        50,
        3,
        0,
        151,
        0
      ],
      "nuv": [
        0.019736842105263157,
        0,
        0.993421052631579,
        0,
        0.019736842105263157,
        0.9433962264150944,
        0.993421052631579,
        0.9433962264150944
      ],
      "minPos": {
        "x": -74,
        "y": -25,
        "z": 0
      },
      "maxPos": {
        "x": 74,
        "y": 25,
        "z": 0
      }
    },
    "texture": "0c3eba04-cfa1-499b-a888-7b6c639048b2@6c48a",
    "packable": true,
    "pixelsToUnit": 100,
    "pivot": {
      "x": 0.5,
      "y": 0.5
    },
    "meshType": 0
  }
}