{
  "__type__": "cc.SpriteFrame",
  "content": {
    "name": "0033",
    "atlas": "",
    "rect": {
      "x": 2,
      "y": 8,
      "width": 133,
      "height": 134
    },
    "offset": {
      "x": -8.5,
      "y": 2
    },
    "originalSize": {
      "width": 154,
      "height": 154
    },
    "rotated": false,
    "capInsets": [
      0,
      0,
      0,
      0
    ],
    "vertices": {
      "rawPosition": [
        -66.5,
        -67,
        0,
        66.5,
        -67,
        0,
        -66.5,
        67,
        0,
        66.5,
        67,
        0
      ],
      "indexes": [
        0,
        1,
        2,
        2,
        1,
        3
      ],
      "uv": [
        2,
        146,
        135,
        146,
        2,
        12,
        135,
        12
      ],
      "nuv": [
        0.012987012987012988,
        0.07792207792207792,
        0.8766233766233766,
        0.07792207792207792,
        0.012987012987012988,
        0.948051948051948,
        0.8766233766233766,
        0.948051948051948
      ],
      "minPos": {
        "x": -66.5,
        "y": -67,
        "z": 0
      },
      "maxPos": {
        "x": 66.5,
        "y": 67,
        "z": 0
      }
    },
    "texture": "0c460a64-9d38-41da-b95a-6e15d45a32b5@6c48a",
    "packable": true,
    "pixelsToUnit": 100,
    "pivot": {
      "x": 0.5,
      "y": 0.5
    },
    "meshType": 0
  }
}