{
  "__type__": "cc.SpriteFrame",
  "content": {
    "name": "yuzhadan",
    "atlas": "",
    "rect": {
      "x": 14,
      "y": 12,
      "width": 113,
      "height": 115
    },
    "offset": {
      "x": 3.5,
      "y": -2.5
    },
    "originalSize": {
      "width": 134,
      "height": 134
    },
    "rotated": false,
    "capInsets": [
      0,
      0,
      0,
      0
    ],
    "vertices": {
      "rawPosition": [
        -56.5,
        -57.5,
        0,
        56.5,
        -57.5,
        0,
        -56.5,
        57.5,
        0,
        56.5,
        57.5,
        0
      ],
      "indexes": [
        0,
        1,
        2,
        2,
        1,
        3
      ],
      "uv": [
        14,
        122,
        127,
        122,
        14,
        7,
        127,
        7
      ],
      "nuv": [
        0.1044776119402985,
        0.05223880597014925,
        0.9477611940298507,
        0.05223880597014925,
        0.1044776119402985,
        0.9104477611940298,
        0.9477611940298507,
        0.9104477611940298
      ],
      "minPos": {
        "x": -56.5,
        "y": -57.5,
        "z": 0
      },
      "maxPos": {
        "x": 56.5,
        "y": 57.5,
        "z": 0
      }
    },
    "texture": "0ca65afc-c7a7-4c49-9f02-3a1ba4acf296@6c48a",
    "packable": true,
    "pixelsToUnit": 100,
    "pivot": {
      "x": 0.5,
      "y": 0.5
    },
    "meshType": 0
  }
}