{
  "__type__": "cc.SpriteFrame",
  "content": {
    "name": "15",
    "atlas": "",
    "rect": {
      "x": 4,
      "y": 0,
      "width": 99,
      "height": 113
    },
    "offset": {
      "x": 2,
      "y": 0
    },
    "originalSize": {
      "width": 103,
      "height": 113
    },
    "rotated": false,
    "capInsets": [
      0,
      0,
      0,
      0
    ],
    "vertices": {
      "rawPosition": [
        -49.5,
        -56.5,
        0,
        49.5,
        -56.5,
        0,
        -49.5,
        56.5,
        0,
        49.5,
        56.5,
        0
      ],
      "indexes": [
        0,
        1,
        2,
        2,
        1,
        3
      ],
      "uv": [
        4,
        113,
        103,
        113,
        4,
        0,
        103,
        0
      ],
      "nuv": [
        0.038834951456310676,
        0,
        1,
        0,
        0.038834951456310676,
        1,
        1,
        1
      ],
      "minPos": {
        "x": -49.5,
        "y": -56.5,
        "z": 0
      },
      "maxPos": {
        "x": 49.5,
        "y": 56.5,
        "z": 0
      }
    },
    "texture": "de51f63b-66ad-4cc1-a306-9ad270a7377c@6c48a",
    "packable": true,
    "pixelsToUnit": 100,
    "pivot": {
      "x": 0.5,
      "y": 0.5
    },
    "meshType": 0
  }
}