{
  "__type__": "cc.SpriteFrame",
  "content": {
    "name": "hj_4",
    "atlas": "",
    "rect": {
      "x": 3,
      "y": 3,
      "width": 147,
      "height": 50
    },
    "offset": {
      "x": 0.5,
      "y": -1.5
    },
    "originalSize": {
      "width": 152,
      "height": 53
    },
    "rotated": false,
    "capInsets": [
      0,
      0,
      0,
      0
    ],
    "vertices": {
      "rawPosition": [
        -73.5,
        -25,
        0,
        73.5,
        -25,
        0,
        -73.5,
        25,
        0,
        73.5,
        25,
        0
      ],
      "indexes": [
        0,
        1,
        2,
        2,
        1,
        3
      ],
      "uv": [
        3,
        50,
        150,
        50,
        3,
        0,
        150,
        0
      ],
      "nuv": [
        0.019736842105263157,
        0,
        0.9868421052631579,
        0,
        0.019736842105263157,
        0.9433962264150944,
        0.9868421052631579,
        0.9433962264150944
      ],
      "minPos": {
        "x": -73.5,
        "y": -25,
        "z": 0
      },
      "maxPos": {
        "x": 73.5,
        "y": 25,
        "z": 0
      }
    },
    "texture": "bf8928b1-050f-4450-856c-493e486f47c5@6c48a",
    "packable": true,
    "pixelsToUnit": 100,
    "pivot": {
      "x": 0.5,
      "y": 0.5
    },
    "meshType": 0
  }
}