{
  "__type__": "cc.SpriteFrame",
  "content": {
    "name": "兑换按钮",
    "atlas": "",
    "rect": {
      "x": 51,
      "y": 2,
      "width": 119,
      "height": 48
    },
    "offset": {
      "x": -1.5,
      "y": 0
    },
    "originalSize": {
      "width": 224,
      "height": 52
    },
    "rotated": false,
    "capInsets": [
      0,
      0,
      0,
      0
    ],
    "vertices": {
      "rawPosition": [
        -59.5,
        -24,
        0,
        59.5,
        -24,
        0,
        -59.5,
        24,
        0,
        59.5,
        24,
        0
      ],
      "indexes": [
        0,
        1,
        2,
        2,
        1,
        3
      ],
      "uv": [
        51,
        50,
        170,
        50,
        51,
        2,
        170,
        2
      ],
      "nuv": [
        0.22767857142857142,
        0.038461538461538464,
        0.7589285714285714,
        0.038461538461538464,
        0.22767857142857142,
        0.9615384615384616,
        0.7589285714285714,
        0.9615384615384616
      ],
      "minPos": {
        "x": -59.5,
        "y": -24,
        "z": 0
      },
      "maxPos": {
        "x": 59.5,
        "y": 24,
        "z": 0
      }
    },
    "texture": "bfb5d75a-6c46-4b9a-aec7-a0cadd406255@6c48a",
    "packable": true,
    "pixelsToUnit": 100,
    "pivot": {
      "x": 0.5,
      "y": 0.5
    },
    "meshType": 0
  }
}