{
  "__type__": "cc.SpriteFrame",
  "content": {
    "name": "106_1",
    "atlas": "",
    "rect": {
      "x": 12,
      "y": 8,
      "width": 111,
      "height": 121
    },
    "offset": {
      "x": 0.5,
      "y": -1.5
    },
    "originalSize": {
      "width": 134,
      "height": 134
    },
    "rotated": false,
    "capInsets": [
      0,
      0,
      0,
      0
    ],
    "vertices": {
      "rawPosition": [
        -55.5,
        -60.5,
        0,
        55.5,
        -60.5,
        0,
        -55.5,
        60.5,
        0,
        55.5,
        60.5,
        0
      ],
      "indexes": [
        0,
        1,
        2,
        2,
        1,
        3
      ],
      "uv": [
        12,
        126,
        123,
        126,
        12,
        5,
        123,
        5
      ],
      "nuv": [
        0.08955223880597014,
        0.03731343283582089,
        0.917910447761194,
        0.03731343283582089,
        0.08955223880597014,
        0.9402985074626866,
        0.917910447761194,
        0.9402985074626866
      ],
      "minPos": {
        "x": -55.5,
        "y": -60.5,
        "z": 0
      },
      "maxPos": {
        "x": 55.5,
        "y": 60.5,
        "z": 0
      }
    },
    "texture": "af24f953-bc83-495e-96c5-b82512887821@6c48a",
    "packable": true,
    "pixelsToUnit": 100,
    "pivot": {
      "x": 0.5,
      "y": 0.5
    },
    "meshType": 0
  }
}