{
  "__type__": "cc.SpriteFrame",
  "content": {
    "name": "icon_df",
    "atlas": "",
    "rect": {
      "x": 0,
      "y": 0,
      "width": 298,
      "height": 273
    },
    "offset": {
      "x": 0,
      "y": 9
    },
    "originalSize": {
      "width": 298,
      "height": 291
    },
    "rotated": false,
    "capInsets": [
      0,
      0,
      0,
      0
    ],
    "vertices": {
      "rawPosition": [
        -149,
        -136.5,
        0,
        149,
        -136.5,
        0,
        -149,
        136.5,
        0,
        149,
        136.5,
        0
      ],
      "indexes": [
        0,
        1,
        2,
        2,
        1,
        3
      ],
      "uv": [
        0,
        291,
        298,
        291,
        0,
        18,
        298,
        18
      ],
      "nuv": [
        0,
        0.061855670103092786,
        1,
        0.061855670103092786,
        0,
        1,
        1,
        1
      ],
      "minPos": {
        "x": -149,
        "y": -136.5,
        "z": 0
      },
      "maxPos": {
        "x": 149,
        "y": 136.5,
        "z": 0
      }
    },
    "texture": "a669c29d-0a23-4d52-9d5c-9d993ef7e659@6c48a",
    "packable": true,
    "pixelsToUnit": 100,
    "pivot": {
      "x": 0.5,
      "y": 0.5
    },
    "meshType": 0
  }
}