{
  "__type__": "cc.SpriteFrame",
  "content": {
    "name": "jiasu01",
    "atlas": "",
    "rect": {
      "x": 16,
      "y": 9,
      "width": 118,
      "height": 111
    },
    "offset": {
      "x": 8,
      "y": 2.5
    },
    "originalSize": {
      "width": 134,
      "height": 134
    },
    "rotated": false,
    "capInsets": [
      0,
      0,
      0,
      0
    ],
    "vertices": {
      "rawPosition": [
        -59,
        -55.5,
        0,
        59,
        -55.5,
        0,
        -59,
        55.5,
        0,
        59,
        55.5,
        0
      ],
      "indexes": [
        0,
        1,
        2,
        2,
        1,
        3
      ],
      "uv": [
        16,
        125,
        134,
        125,
        16,
        14,
        134,
        14
      ],
      "nuv": [
        0.11940298507462686,
        0.1044776119402985,
        1,
        0.1044776119402985,
        0.11940298507462686,
        0.9328358208955224,
        1,
        0.9328358208955224
      ],
      "minPos": {
        "x": -59,
        "y": -55.5,
        "z": 0
      },
      "maxPos": {
        "x": 59,
        "y": 55.5,
        "z": 0
      }
    },
    "texture": "a0649da6-69ee-44d1-903a-250fe228de79@6c48a",
    "packable": true,
    "pixelsToUnit": 100,
    "pivot": {
      "x": 0.5,
      "y": 0.5
    },
    "meshType": 0
  }
}