{
  "__type__": "cc.SpriteFrame",
  "content": {
    "name": "yusiliao",
    "atlas": "",
    "rect": {
      "x": 17,
      "y": 16,
      "width": 102,
      "height": 111
    },
    "offset": {
      "x": 1,
      "y": -4.5
    },
    "originalSize": {
      "width": 134,
      "height": 134
    },
    "rotated": false,
    "capInsets": [
      0,
      0,
      0,
      0
    ],
    "vertices": {
      "rawPosition": [
        -51,
        -55.5,
        0,
        51,
        -55.5,
        0,
        -51,
        55.5,
        0,
        51,
        55.5,
        0
      ],
      "indexes": [
        0,
        1,
        2,
        2,
        1,
        3
      ],
      "uv": [
        17,
        118,
        119,
        118,
        17,
        7,
        119,
        7
      ],
      "nuv": [
        0.12686567164179105,
        0.05223880597014925,
        0.8880597014925373,
        0.05223880597014925,
        0.12686567164179105,
        0.8805970149253731,
        0.8880597014925373,
        0.8805970149253731
      ],
      "minPos": {
        "x": -51,
        "y": -55.5,
        "z": 0
      },
      "maxPos": {
        "x": 51,
        "y": 55.5,
        "z": 0
      }
    },
    "texture": "e26c3a6f-efae-4b2e-befe-f10bbaabd07e@6c48a",
    "packable": true,
    "pixelsToUnit": 100,
    "pivot": {
      "x": 0.5,
      "y": 0.5
    },
    "meshType": 0
  }
}