{
  "__type__": "cc.SpriteFrame",
  "content": {
    "name": "3001",
    "atlas": "",
    "rect": {
      "x": 20,
      "y": 10,
      "width": 117,
      "height": 142
    },
    "offset": {
      "x": 1.5,
      "y": -4
    },
    "originalSize": {
      "width": 154,
      "height": 154
    },
    "rotated": false,
    "capInsets": [
      0,
      0,
      0,
      0
    ],
    "vertices": {
      "rawPosition": [
        -58.5,
        -71,
        0,
        58.5,
        -71,
        0,
        -58.5,
        71,
        0,
        58.5,
        71,
        0
      ],
      "indexes": [
        0,
        1,
        2,
        2,
        1,
        3
      ],
      "uv": [
        20,
        144,
        137,
        144,
        20,
        2,
        137,
        2
      ],
      "nuv": [
        0.12987012987012986,
        0.012987012987012988,
        0.8896103896103896,
        0.012987012987012988,
        0.12987012987012986,
        0.935064935064935,
        0.8896103896103896,
        0.935064935064935
      ],
      "minPos": {
        "x": -58.5,
        "y": -71,
        "z": 0
      },
      "maxPos": {
        "x": 58.5,
        "y": 71,
        "z": 0
      }
    },
    "texture": "e2923730-702f-4923-b27e-f114a8a0fb5f@6c48a",
    "packable": true,
    "pixelsToUnit": 100,
    "pivot": {
      "x": 0.5,
      "y": 0.5
    },
    "meshType": 0
  }
}