{
  "__type__": "cc.SpriteFrame",
  "content": {
    "name": "baoxiang3",
    "atlas": "",
    "rect": {
      "x": 3,
      "y": 29,
      "width": 124,
      "height": 86
    },
    "offset": {
      "x": -2,
      "y": -5
    },
    "originalSize": {
      "width": 134,
      "height": 134
    },
    "rotated": false,
    "capInsets": [
      0,
      0,
      0,
      0
    ],
    "vertices": {
      "rawPosition": [
        -62,
        -43,
        0,
        62,
        -43,
        0,
        -62,
        43,
        0,
        62,
        43,
        0
      ],
      "indexes": [
        0,
        1,
        2,
        2,
        1,
        3
      ],
      "uv": [
        3,
        105,
        127,
        105,
        3,
        19,
        127,
        19
      ],
      "nuv": [
        0.022388059701492536,
        0.1417910447761194,
        0.9477611940298507,
        0.1417910447761194,
        0.022388059701492536,
        0.7835820895522388,
        0.9477611940298507,
        0.7835820895522388
      ],
      "minPos": {
        "x": -62,
        "y": -43,
        "z": 0
      },
      "maxPos": {
        "x": 62,
        "y": 43,
        "z": 0
      }
    },
    "texture": "f20f0e6b-cc48-4122-a27b-da2e3ed8f09d@6c48a",
    "packable": true,
    "pixelsToUnit": 100,
    "pivot": {
      "x": 0.5,
      "y": 0.5
    },
    "meshType": 0
  }
}