{
  "__type__": "cc.SpriteFrame",
  "content": {
    "name": "xlmh",
    "atlas": "",
    "rect": {
      "x": 13,
      "y": 13,
      "width": 111,
      "height": 110
    },
    "offset": {
      "x": 1.5,
      "y": -1
    },
    "originalSize": {
      "width": 134,
      "height": 134
    },
    "rotated": false,
    "capInsets": [
      0,
      0,
      0,
      0
    ],
    "vertices": {
      "rawPosition": [
        -55.5,
        -55,
        0,
        55.5,
        -55,
        0,
        -55.5,
        55,
        0,
        55.5,
        55,
        0
      ],
      "indexes": [
        0,
        1,
        2,
        2,
        1,
        3
      ],
      "uv": [
        13,
        121,
        124,
        121,
        13,
        11,
        124,
        11
      ],
      "nuv": [
        0.09701492537313433,
        0.08208955223880597,
        0.9253731343283582,
        0.08208955223880597,
        0.09701492537313433,
        0.9029850746268657,
        0.9253731343283582,
        0.9029850746268657
      ],
      "minPos": {
        "x": -55.5,
        "y": -55,
        "z": 0
      },
      "maxPos": {
        "x": 55.5,
        "y": 55,
        "z": 0
      }
    },
    "texture": "f2215040-6f2c-4349-a80c-95a432df4265@6c48a",
    "packable": true,
    "pixelsToUnit": 100,
    "pivot": {
      "x": 0.5,
      "y": 0.5
    },
    "meshType": 0
  }
}