{
  "__type__": "cc.SpriteFrame",
  "content": {
    "name": "按钮遮罩",
    "atlas": "",
    "rect": {
      "x": 38,
      "y": 27,
      "width": 207,
      "height": 52
    },
    "offset": {
      "x": -0.5,
      "y": 11
    },
    "originalSize": {
      "width": 284,
      "height": 128
    },
    "rotated": false,
    "capInsets": [
      0,
      0,
      0,
      0
    ],
    "vertices": {
      "rawPosition": [
        -103.5,
        -26,
        0,
        103.5,
        -26,
        0,
        -103.5,
        26,
        0,
        103.5,
        26,
        0
      ],
      "indexes": [
        0,
        1,
        2,
        2,
        1,
        3
      ],
      "uv": [
        38,
        101,
        245,
        101,
        38,
        49,
        245,
        49
      ],
      "nuv": [
        0.13380281690140844,
        0.3828125,
        0.8626760563380281,
        0.3828125,
        0.13380281690140844,
        0.7890625,
        0.8626760563380281,
        0.7890625
      ],
      "minPos": {
        "x": -103.5,
        "y": -26,
        "z": 0
      },
      "maxPos": {
        "x": 103.5,
        "y": 26,
        "z": 0
      }
    },
    "texture": "f2805203-38c5-4d4b-a8c1-77fbd6aa455e@6c48a",
    "packable": true,
    "pixelsToUnit": 100,
    "pivot": {
      "x": 0.5,
      "y": 0.5
    },
    "meshType": 0
  }
}