{
  "__type__": "cc.SpriteFrame",
  "content": {
    "name": "恭喜获得",
    "atlas": "",
    "rect": {
      "x": 22,
      "y": 0,
      "width": 587,
      "height": 128
    },
    "offset": {
      "x": 11,
      "y": 0
    },
    "originalSize": {
      "width": 609,
      "height": 128
    },
    "rotated": false,
    "capInsets": [
      0,
      0,
      0,
      0
    ],
    "vertices": {
      "rawPosition": [
        -293.5,
        -64,
        0,
        293.5,
        -64,
        0,
        -293.5,
        64,
        0,
        293.5,
        64,
        0
      ],
      "indexes": [
        0,
        1,
        2,
        2,
        1,
        3
      ],
      "uv": [
        22,
        128,
        609,
        128,
        22,
        0,
        609,
        0
      ],
      "nuv": [
        0.0361247947454844,
        0,
        1,
        0,
        0.0361247947454844,
        1,
        1,
        1
      ],
      "minPos": {
        "x": -293.5,
        "y": -64,
        "z": 0
      },
      "maxPos": {
        "x": 293.5,
        "y": 64,
        "z": 0
      }
    },
    "texture": "7d0824a4-9bd7-4699-8f10-944f38cf21d3@6c48a",
    "packable": true,
    "pixelsToUnit": 100,
    "pivot": {
      "x": 0.5,
      "y": 0.5
    },
    "meshType": 0
  }
}