{
  "__type__": "cc.SpriteFrame",
  "content": {
    "name": "box2",
    "atlas": "",
    "rect": {
      "x": 6,
      "y": 0,
      "width": 130,
      "height": 103
    },
    "offset": {
      "x": 3,
      "y": 0
    },
    "originalSize": {
      "width": 136,
      "height": 103
    },
    "rotated": false,
    "capInsets": [
      0,
      0,
      0,
      0
    ],
    "vertices": {
      "rawPosition": [
        -65,
        -51.5,
        0,
        65,
        -51.5,
        0,
        -65,
        51.5,
        0,
        65,
        51.5,
        0
      ],
      "indexes": [
        0,
        1,
        2,
        2,
        1,
        3
      ],
      "uv": [
        6,
        103,
        136,
        103,
        6,
        0,
        136,
        0
      ],
      "nuv": [
        0.04411764705882353,
        0,
        1,
        0,
        0.04411764705882353,
        1,
        1,
        1
      ],
      "minPos": {
        "x": -65,
        "y": -51.5,
        "z": 0
      },
      "maxPos": {
        "x": 65,
        "y": 51.5,
        "z": 0
      }
    },
    "texture": "7d75125d-4065-4950-827a-fc2a93c4a459@6c48a",
    "packable": true,
    "pixelsToUnit": 100,
    "pivot": {
      "x": 0.5,
      "y": 0.5
    },
    "meshType": 0
  }
}