{
  "__type__": "cc.SpriteFrame",
  "content": {
    "name": "luckyBg_101",
    "atlas": "",
    "rect": {
      "x": 0,
      "y": 0,
      "width": 1073,
      "height": 708
    },
    "offset": {
      "x": -0.5,
      "y": 0.5
    },
    "originalSize": {
      "width": 1074,
      "height": 709
    },
    "rotated": false,
    "capInsets": [
      0,
      0,
      0,
      0
    ],
    "vertices": {
      "rawPosition": [
        -536.5,
        -354,
        0,
        536.5,
        -354,
        0,
        -536.5,
        354,
        0,
        536.5,
        354,
        0
      ],
      "indexes": [
        0,
        1,
        2,
        2,
        1,
        3
      ],
      "uv": [
        0,
        709,
        1073,
        709,
        0,
        1,
        1073,
        1
      ],
      "nuv": [
        0,
        0.0014104372355430183,
        0.9990689013035382,
        0.0014104372355430183,
        0,
        1,
        0.9990689013035382,
        1
      ],
      "minPos": {
        "x": -536.5,
        "y": -354,
        "z": 0
      },
      "maxPos": {
        "x": 536.5,
        "y": 354,
        "z": 0
      }
    },
    "texture": "88da622d-0301-46be-8f89-53847cccc479@6c48a",
    "packable": false,
    "pixelsToUnit": 100,
    "pivot": {
      "x": 0.5,
      "y": 0.5
    },
    "meshType": 0
  }
}