{
  "__type__": "cc.SpriteFrame",
  "content": {
    "name": "libao1",
    "atlas": "",
    "rect": {
      "x": 0,
      "y": 27,
      "width": 134,
      "height": 96
    },
    "offset": {
      "x": 0,
      "y": -8
    },
    "originalSize": {
      "width": 134,
      "height": 134
    },
    "rotated": false,
    "capInsets": [
      0,
      0,
      0,
      0
    ],
    "vertices": {
      "rawPosition": [
        -67,
        -48,
        0,
        67,
        -48,
        0,
        -67,
        48,
        0,
        67,
        48,
        0
      ],
      "indexes": [
        0,
        1,
        2,
        2,
        1,
        3
      ],
      "uv": [
        0,
        107,
        134,
        107,
        0,
        11,
        134,
        11
      ],
      "nuv": [
        0,
        0.08208955223880597,
        1,
        0.08208955223880597,
        0,
        0.7985074626865671,
        1,
        0.7985074626865671
      ],
      "minPos": {
        "x": -67,
        "y": -48,
        "z": 0
      },
      "maxPos": {
        "x": 67,
        "y": 48,
        "z": 0
      }
    },
    "texture": "fe96686d-be5e-4181-a899-c78568970d6a@6c48a",
    "packable": true,
    "pixelsToUnit": 100,
    "pivot": {
      "x": 0.5,
      "y": 0.5
    },
    "meshType": 0
  }
}