{
  "__type__": "cc.SpriteFrame",
  "content": {
    "name": "+",
    "atlas": "",
    "rect": {
      "x": 0,
      "y": 9,
      "width": 47,
      "height": 47
    },
    "offset": {
      "x": 0,
      "y": -1
    },
    "originalSize": {
      "width": 47,
      "height": 63
    },
    "rotated": false,
    "capInsets": [
      0,
      0,
      0,
      0
    ],
    "vertices": {
      "rawPosition": [
        -23.5,
        -23.5,
        0,
        23.5,
        -23.5,
        0,
        -23.5,
        23.5,
        0,
        23.5,
        23.5,
        0
      ],
      "indexes": [
        0,
        1,
        2,
        2,
        1,
        3
      ],
      "uv": [
        0,
        54,
        47,
        54,
        0,
        7,
        47,
        7
      ],
      "nuv": [
        0,
        0.1111111111111111,
        1,
        0.1111111111111111,
        0,
        0.8571428571428571,
        1,
        0.8571428571428571
      ],
      "minPos": {
        "x": -23.5,
        "y": -23.5,
        "z": 0
      },
      "maxPos": {
        "x": 23.5,
        "y": 23.5,
        "z": 0
      }
    },
    "texture": "cabf35c2-94d9-4b1f-adfe-fe1c2ecda833@6c48a",
    "packable": true,
    "pixelsToUnit": 100,
    "pivot": {
      "x": 0.5,
      "y": 0.5
    },
    "meshType": 0
  }
}