{
  "__type__": "cc.SpriteFrame",
  "content": {
    "name": "$$$.",
    "atlas": "",
    "rect": {
      "x": 2,
      "y": 2,
      "width": 8,
      "height": 9
    },
    "offset": {
      "x": 0,
      "y": 0
    },
    "originalSize": {
      "width": 12,
      "height": 13
    },
    "rotated": false,
    "capInsets": [
      0,
      0,
      0,
      0
    ],
    "vertices": {
      "rawPosition": [
        -4,
        -4.5,
        0,
        4,
        -4.5,
        0,
        -4,
        4.5,
        0,
        4,
        4.5,
        0
      ],
      "indexes": [
        0,
        1,
        2,
        2,
        1,
        3
      ],
      "uv": [
        2,
        11,
        10,
        11,
        2,
        2,
        10,
        2
      ],
      "nuv": [
        0.16666666666666666,
        0.15384615384615385,
        0.8333333333333334,
        0.15384615384615385,
        0.16666666666666666,
        0.8461538461538461,
        0.8333333333333334,
        0.8461538461538461
      ],
      "minPos": {
        "x": -4,
        "y": -4.5,
        "z": 0
      },
      "maxPos": {
        "x": 4,
        "y": 4.5,
        "z": 0
      }
    },
    "texture": "6e0a3179-87cb-4746-9932-bd750b442f1a@6c48a",
    "packable": true,
    "pixelsToUnit": 100,
    "pivot": {
      "x": 0.5,
      "y": 0.5
    },
    "meshType": 0
  }
}