{
  "__type__": "cc.SpriteFrame",
  "content": {
    "name": "0034",
    "atlas": "",
    "rect": {
      "x": 18,
      "y": 8,
      "width": 117,
      "height": 134
    },
    "offset": {
      "x": -0.5,
      "y": 2
    },
    "originalSize": {
      "width": 154,
      "height": 154
    },
    "rotated": false,
    "capInsets": [
      0,
      0,
      0,
      0
    ],
    "vertices": {
      "rawPosition": [
        -58.5,
        -67,
        0,
        58.5,
        -67,
        0,
        -58.5,
        67,
        0,
        58.5,
        67,
        0
      ],
      "indexes": [
        0,
        1,
        2,
        2,
        1,
        3
      ],
      "uv": [
        18,
        146,
        135,
        146,
        18,
        12,
        135,
        12
      ],
      "nuv": [
        0.11688311688311688,
        0.07792207792207792,
        0.8766233766233766,
        0.07792207792207792,
        0.11688311688311688,
        0.948051948051948,
        0.8766233766233766,
        0.948051948051948
      ],
      "minPos": {
        "x": -58.5,
        "y": -67,
        "z": 0
      },
      "maxPos": {
        "x": 58.5,
        "y": 67,
        "z": 0
      }
    },
    "texture": "e9dfebb7-9e5e-4792-a035-ba554b46d1f6@6c48a",
    "packable": true,
    "pixelsToUnit": 100,
    "pivot": {
      "x": 0.5,
      "y": 0.5
    },
    "meshType": 0
  }
}