{
  "__type__": "cc.SpriteFrame",
  "content": {
    "name": "nameframe_6",
    "atlas": "",
    "rect": {
      "x": 6,
      "y": 6,
      "width": 310,
      "height": 244
    },
    "offset": {
      "x": 0,
      "y": -0.5
    },
    "originalSize": {
      "width": 322,
      "height": 255
    },
    "rotated": false,
    "capInsets": [
      0,
      0,
      0,
      0
    ],
    "vertices": {
      "rawPosition": [
        -155,
        -122,
        0,
        155,
        -122,
        0,
        -155,
        122,
        0,
        155,
        122,
        0
      ],
      "indexes": [
        0,
        1,
        2,
        2,
        1,
        3
      ],
      "uv": [
        6,
        249,
        316,
        249,
        6,
        5,
        316,
        5
      ],
      "nuv": [
        0.018633540372670808,
        0.0196078431372549,
        0.9813664596273292,
        0.0196078431372549,
        0.018633540372670808,
        0.9764705882352941,
        0.9813664596273292,
        0.9764705882352941
      ],
      "minPos": {
        "x": -155,
        "y": -122,
        "z": 0
      },
      "maxPos": {
        "x": 155,
        "y": 122,
        "z": 0
      }
    },
    "texture": "ccc3bf3b-72ef-433a-85dd-db87c4c59238@6c48a",
    "packable": true,
    "pixelsToUnit": 100,
    "pivot": {
      "x": 0.5,
      "y": 0.5
    },
    "meshType": 0
  }
}