{
  "__type__": "cc.SpriteFrame",
  "content": {
    "name": "按钮遮罩",
    "atlas": "",
    "rect": {
      "x": 24,
      "y": 20,
      "width": 237,
      "height": 80
    },
    "offset": {
      "x": 0.5,
      "y": 4
    },
    "originalSize": {
      "width": 284,
      "height": 128
    },
    "rotated": false,
    "capInsets": [
      0,
      0,
      0,
      0
    ],
    "vertices": {
      "rawPosition": [
        -118.5,
        -40,
        0,
        118.5,
        -40,
        0,
        -118.5,
        40,
        0,
        118.5,
        40,
        0
      ],
      "indexes": [
        0,
        1,
        2,
        2,
        1,
        3
      ],
      "uv": [
        24,
        108,
        261,
        108,
        24,
        28,
        261,
        28
      ],
      "nuv": [
        0.08450704225352113,
        0.21875,
        0.9190140845070423,
        0.21875,
        0.08450704225352113,
        0.84375,
        0.9190140845070423,
        0.84375
      ],
      "minPos": {
        "x": -118.5,
        "y": -40,
        "z": 0
      },
      "maxPos": {
        "x": 118.5,
        "y": 40,
        "z": 0
      }
    },
    "texture": "ea822052-bce7-4074-9c78-bd9a956802e3@6c48a",
    "packable": true,
    "pixelsToUnit": 100,
    "pivot": {
      "x": 0.5,
      "y": 0.5
    },
    "meshType": 0
  }
}