{
  "__type__": "cc.SpriteFrame",
  "content": {
    "name": "0023",
    "atlas": "",
    "rect": {
      "x": 19,
      "y": 9,
      "width": 116,
      "height": 133
    },
    "offset": {
      "x": 0,
      "y": 1.5
    },
    "originalSize": {
      "width": 154,
      "height": 154
    },
    "rotated": false,
    "capInsets": [
      0,
      0,
      0,
      0
    ],
    "vertices": {
      "rawPosition": [
        -58,
        -66.5,
        0,
        58,
        -66.5,
        0,
        -58,
        66.5,
        0,
        58,
        66.5,
        0
      ],
      "indexes": [
        0,
        1,
        2,
        2,
        1,
        3
      ],
      "uv": [
        19,
        145,
        135,
        145,
        19,
        12,
        135,
        12
      ],
      "nuv": [
        0.12337662337662338,
        0.07792207792207792,
        0.8766233766233766,
        0.07792207792207792,
        0.12337662337662338,
        0.9415584415584416,
        0.8766233766233766,
        0.9415584415584416
      ],
      "minPos": {
        "x": -58,
        "y": -66.5,
        "z": 0
      },
      "maxPos": {
        "x": 58,
        "y": 66.5,
        "z": 0
      }
    },
    "texture": "eae7fb03-c4a8-4950-a797-d3a791177fa1@6c48a",
    "packable": true,
    "pixelsToUnit": 100,
    "pivot": {
      "x": 0.5,
      "y": 0.5
    },
    "meshType": 0
  }
}