{
  "__type__": "cc.SpriteFrame",
  "content": {
    "name": "linggen",
    "atlas": "",
    "rect": {
      "x": 10,
      "y": 12,
      "width": 117,
      "height": 117
    },
    "offset": {
      "x": 1.5,
      "y": -3.5
    },
    "originalSize": {
      "width": 134,
      "height": 134
    },
    "rotated": false,
    "capInsets": [
      0,
      0,
      0,
      0
    ],
    "vertices": {
      "rawPosition": [
        -58.5,
        -58.5,
        0,
        58.5,
        -58.5,
        0,
        -58.5,
        58.5,
        0,
        58.5,
        58.5,
        0
      ],
      "indexes": [
        0,
        1,
        2,
        2,
        1,
        3
      ],
      "uv": [
        10,
        122,
        127,
        122,
        10,
        5,
        127,
        5
      ],
      "nuv": [
        0.07462686567164178,
        0.03731343283582089,
        0.9477611940298507,
        0.03731343283582089,
        0.07462686567164178,
        0.9104477611940298,
        0.9477611940298507,
        0.9104477611940298
      ],
      "minPos": {
        "x": -58.5,
        "y": -58.5,
        "z": 0
      },
      "maxPos": {
        "x": 58.5,
        "y": 58.5,
        "z": 0
      }
    },
    "texture": "638cfa20-761b-4380-a54e-d10a4f2826a7@6c48a",
    "packable": true,
    "pixelsToUnit": 100,
    "pivot": {
      "x": 0.5,
      "y": 0.5
    },
    "meshType": 0
  }
}