{
  "__type__": "cc.SpriteFrame",
  "content": {
    "name": "15_hc",
    "atlas": "",
    "rect": {
      "x": 0,
      "y": 25,
      "width": 228,
      "height": 204
    },
    "offset": {
      "x": 0,
      "y": -12.5
    },
    "originalSize": {
      "width": 228,
      "height": 229
    },
    "rotated": false,
    "capInsets": [
      0,
      0,
      0,
      0
    ],
    "vertices": {
      "rawPosition": [
        -114,
        -102,
        0,
        114,
        -102,
        0,
        -114,
        102,
        0,
        114,
        102,
        0
      ],
      "indexes": [
        0,
        1,
        2,
        2,
        1,
        3
      ],
      "uv": [
        0,
        204,
        228,
        204,
        0,
        0,
        228,
        0
      ],
      "nuv": [
        0,
        0,
        1,
        0,
        0,
        0.8908296943231441,
        1,
        0.8908296943231441
      ],
      "minPos": {
        "x": -114,
        "y": -102,
        "z": 0
      },
      "maxPos": {
        "x": 114,
        "y": 102,
        "z": 0
      }
    },
    "texture": "ef04992b-3d28-4af7-9516-39915c5012fc@6c48a",
    "packable": true,
    "pixelsToUnit": 100,
    "pivot": {
      "x": 0.5,
      "y": 0.5
    },
    "meshType": 0
  }
}