{
  "__type__": "cc.SpriteFrame",
  "content": {
    "name": "icon_zs",
    "atlas": "",
    "rect": {
      "x": 8,
      "y": 23,
      "width": 284,
      "height": 263
    },
    "offset": {
      "x": 1,
      "y": -9
    },
    "originalSize": {
      "width": 298,
      "height": 291
    },
    "rotated": false,
    "capInsets": [
      0,
      0,
      0,
      0
    ],
    "vertices": {
      "rawPosition": [
        -142,
        -131.5,
        0,
        142,
        -131.5,
        0,
        -142,
        131.5,
        0,
        142,
        131.5,
        0
      ],
      "indexes": [
        0,
        1,
        2,
        2,
        1,
        3
      ],
      "uv": [
        8,
        268,
        292,
        268,
        8,
        5,
        292,
        5
      ],
      "nuv": [
        0.026845637583892617,
        0.01718213058419244,
        0.9798657718120806,
        0.01718213058419244,
        0.026845637583892617,
        0.9209621993127147,
        0.9798657718120806,
        0.9209621993127147
      ],
      "minPos": {
        "x": -142,
        "y": -131.5,
        "z": 0
      },
      "maxPos": {
        "x": 142,
        "y": 131.5,
        "z": 0
      }
    },
    "texture": "42236eb4-81c2-40bb-810c-3b93d84fff5b@6c48a",
    "packable": true,
    "pixelsToUnit": 100,
    "pivot": {
      "x": 0.5,
      "y": 0.5
    },
    "meshType": 0
  }
}