{
  "__type__": "cc.SpriteFrame",
  "content": {
    "name": "0040",
    "atlas": "",
    "rect": {
      "x": 9,
      "y": 8,
      "width": 126,
      "height": 134
    },
    "offset": {
      "x": -5,
      "y": 2
    },
    "originalSize": {
      "width": 154,
      "height": 154
    },
    "rotated": false,
    "capInsets": [
      0,
      0,
      0,
      0
    ],
    "vertices": {
      "rawPosition": [
        -63,
        -67,
        0,
        63,
        -67,
        0,
        -63,
        67,
        0,
        63,
        67,
        0
      ],
      "indexes": [
        0,
        1,
        2,
        2,
        1,
        3
      ],
      "uv": [
        9,
        146,
        135,
        146,
        9,
        12,
        135,
        12
      ],
      "nuv": [
        0.05844155844155844,
        0.07792207792207792,
        0.8766233766233766,
        0.07792207792207792,
        0.05844155844155844,
        0.948051948051948,
        0.8766233766233766,
        0.948051948051948
      ],
      "minPos": {
        "x": -63,
        "y": -67,
        "z": 0
      },
      "maxPos": {
        "x": 63,
        "y": 67,
        "z": 0
      }
    },
    "texture": "42292f14-fe66-416c-a42c-204b30a53f73@6c48a",
    "packable": true,
    "pixelsToUnit": 100,
    "pivot": {
      "x": 0.5,
      "y": 0.5
    },
    "meshType": 0
  }
}