{
  "__type__": "cc.SpriteFrame",
  "content": {
    "name": "baoxiang6",
    "atlas": "",
    "rect": {
      "x": 7,
      "y": 22,
      "width": 123,
      "height": 97
    },
    "offset": {
      "x": 1.5,
      "y": -3.5
    },
    "originalSize": {
      "width": 134,
      "height": 134
    },
    "rotated": false,
    "capInsets": [
      0,
      0,
      0,
      0
    ],
    "vertices": {
      "rawPosition": [
        -61.5,
        -48.5,
        0,
        61.5,
        -48.5,
        0,
        -61.5,
        48.5,
        0,
        61.5,
        48.5,
        0
      ],
      "indexes": [
        0,
        1,
        2,
        2,
        1,
        3
      ],
      "uv": [
        7,
        112,
        130,
        112,
        7,
        15,
        130,
        15
      ],
      "nuv": [
        0.05223880597014925,
        0.11194029850746269,
        0.9701492537313433,
        0.11194029850746269,
        0.05223880597014925,
        0.835820895522388,
        0.9701492537313433,
        0.835820895522388
      ],
      "minPos": {
        "x": -61.5,
        "y": -48.5,
        "z": 0
      },
      "maxPos": {
        "x": 61.5,
        "y": 48.5,
        "z": 0
      }
    },
    "texture": "125f57d9-b8b9-4d81-a3d9-9514482883f0@6c48a",
    "packable": true,
    "pixelsToUnit": 100,
    "pivot": {
      "x": 0.5,
      "y": 0.5
    },
    "meshType": 0
  }
}