{
  "__type__": "cc.SpriteFrame",
  "content": {
    "name": "haoyou10",
    "atlas": "",
    "rect": {
      "x": 11,
      "y": 5,
      "width": 115,
      "height": 123
    },
    "offset": {
      "x": 1.5,
      "y": 0.5
    },
    "originalSize": {
      "width": 134,
      "height": 134
    },
    "rotated": false,
    "capInsets": [
      0,
      0,
      0,
      0
    ],
    "vertices": {
      "rawPosition": [
        -57.5,
        -61.5,
        0,
        57.5,
        -61.5,
        0,
        -57.5,
        61.5,
        0,
        57.5,
        61.5,
        0
      ],
      "indexes": [
        0,
        1,
        2,
        2,
        1,
        3
      ],
      "uv": [
        11,
        129,
        126,
        129,
        11,
        6,
        126,
        6
      ],
      "nuv": [
        0.08208955223880597,
        0.04477611940298507,
        0.9402985074626866,
        0.04477611940298507,
        0.08208955223880597,
        0.9626865671641791,
        0.9402985074626866,
        0.9626865671641791
      ],
      "minPos": {
        "x": -57.5,
        "y": -61.5,
        "z": 0
      },
      "maxPos": {
        "x": 57.5,
        "y": 61.5,
        "z": 0
      }
    },
    "texture": "12eb58f0-237e-4133-b883-c027e858c0f4@6c48a",
    "packable": true,
    "pixelsToUnit": 100,
    "pivot": {
      "x": 0.5,
      "y": 0.5
    },
    "meshType": 0
  }
}