{
  "__type__": "cc.SpriteFrame",
  "content": {
    "name": "haoyou5",
    "atlas": "",
    "rect": {
      "x": 19,
      "y": 5,
      "width": 106,
      "height": 123
    },
    "offset": {
      "x": 5,
      "y": 0.5
    },
    "originalSize": {
      "width": 134,
      "height": 134
    },
    "rotated": false,
    "capInsets": [
      0,
      0,
      0,
      0
    ],
    "vertices": {
      "rawPosition": [
        -53,
        -61.5,
        0,
        53,
        -61.5,
        0,
        -53,
        61.5,
        0,
        53,
        61.5,
        0
      ],
      "indexes": [
        0,
        1,
        2,
        2,
        1,
        3
      ],
      "uv": [
        19,
        129,
        125,
        129,
        19,
        6,
        125,
        6
      ],
      "nuv": [
        0.1417910447761194,
        0.04477611940298507,
        0.9328358208955224,
        0.04477611940298507,
        0.1417910447761194,
        0.9626865671641791,
        0.9328358208955224,
        0.9626865671641791
      ],
      "minPos": {
        "x": -53,
        "y": -61.5,
        "z": 0
      },
      "maxPos": {
        "x": 53,
        "y": 61.5,
        "z": 0
      }
    },
    "texture": "28644bde-0f13-4b0d-8a3f-476a23316f36@6c48a",
    "packable": true,
    "pixelsToUnit": 100,
    "pivot": {
      "x": 0.5,
      "y": 0.5
    },
    "meshType": 0
  }
}