{
  "__type__": "cc.SpriteFrame",
  "content": {
    "name": "ry_4",
    "atlas": "",
    "rect": {
      "x": 0,
      "y": 1,
      "width": 148,
      "height": 51
    },
    "offset": {
      "x": -2,
      "y": 0
    },
    "originalSize": {
      "width": 152,
      "height": 53
    },
    "rotated": false,
    "capInsets": [
      0,
      0,
      0,
      0
    ],
    "vertices": {
      "rawPosition": [
        -74,
        -25.5,
        0,
        74,
        -25.5,
        0,
        -74,
        25.5,
        0,
        74,
        25.5,
        0
      ],
      "indexes": [
        0,
        1,
        2,
        2,
        1,
        3
      ],
      "uv": [
        0,
        52,
        148,
        52,
        0,
        1,
        148,
        1
      ],
      "nuv": [
        0,
        0.018867924528301886,
        0.9736842105263158,
        0.018867924528301886,
        0,
        0.9811320754716981,
        0.9736842105263158,
        0.9811320754716981
      ],
      "minPos": {
        "x": -74,
        "y": -25.5,
        "z": 0
      },
      "maxPos": {
        "x": 74,
        "y": 25.5,
        "z": 0
      }
    },
    "texture": "28fc0e6f-c189-4ca8-8009-279ea9cdabae@6c48a",
    "packable": true,
    "pixelsToUnit": 100,
    "pivot": {
      "x": 0.5,
      "y": 0.5
    },
    "meshType": 0
  }
}