{
  "__type__": "cc.SpriteFrame",
  "content": {
    "name": "xunzhang",
    "atlas": "",
    "rect": {
      "x": 5,
      "y": 5,
      "width": 119,
      "height": 125
    },
    "offset": {
      "x": -2.5,
      "y": -0.5
    },
    "originalSize": {
      "width": 134,
      "height": 134
    },
    "rotated": false,
    "capInsets": [
      0,
      0,
      0,
      0
    ],
    "vertices": {
      "rawPosition": [
        -59.5,
        -62.5,
        0,
        59.5,
        -62.5,
        0,
        -59.5,
        62.5,
        0,
        59.5,
        62.5,
        0
      ],
      "indexes": [
        0,
        1,
        2,
        2,
        1,
        3
      ],
      "uv": [
        5,
        129,
        124,
        129,
        5,
        4,
        124,
        4
      ],
      "nuv": [
        0.03731343283582089,
        0.029850746268656716,
        0.9253731343283582,
        0.029850746268656716,
        0.03731343283582089,
        0.9626865671641791,
        0.9253731343283582,
        0.9626865671641791
      ],
      "minPos": {
        "x": -59.5,
        "y": -62.5,
        "z": 0
      },
      "maxPos": {
        "x": 59.5,
        "y": 62.5,
        "z": 0
      }
    },
    "texture": "d17888f2-602f-4adc-a1fa-87b1ba4c6c68@6c48a",
    "packable": true,
    "pixelsToUnit": 100,
    "pivot": {
      "x": 0.5,
      "y": 0.5
    },
    "meshType": 0
  }
}