{
  "__type__": "cc.SpriteFrame",
  "content": {
    "name": "07_hc",
    "atlas": "",
    "rect": {
      "x": 0,
      "y": 48,
      "width": 228,
      "height": 181
    },
    "offset": {
      "x": 0,
      "y": -24
    },
    "originalSize": {
      "width": 228,
      "height": 229
    },
    "rotated": false,
    "capInsets": [
      0,
      0,
      0,
      0
    ],
    "vertices": {
      "rawPosition": [
        -114,
        -90.5,
        0,
        114,
        -90.5,
        0,
        -114,
        90.5,
        0,
        114,
        90.5,
        0
      ],
      "indexes": [
        0,
        1,
        2,
        2,
        1,
        3
      ],
      "uv": [
        0,
        181,
        228,
        181,
        0,
        0,
        228,
        0
      ],
      "nuv": [
        0,
        0,
        1,
        0,
        0,
        0.7903930131004366,
        1,
        0.7903930131004366
      ],
      "minPos": {
        "x": -114,
        "y": -90.5,
        "z": 0
      },
      "maxPos": {
        "x": 114,
        "y": 90.5,
        "z": 0
      }
    },
    "texture": "e3c1529b-879c-499c-b1c7-2e213d002dc2@6c48a",
    "packable": true,
    "pixelsToUnit": 100,
    "pivot": {
      "x": 0.5,
      "y": 0.5
    },
    "meshType": 0
  }
}