{
  "__type__": "cc.SpriteFrame",
  "content": {
    "name": "chk02",
    "atlas": "",
    "rect": {
      "x": 2,
      "y": 0,
      "width": 126,
      "height": 134
    },
    "offset": {
      "x": -2,
      "y": 0
    },
    "originalSize": {
      "width": 134,
      "height": 134
    },
    "rotated": false,
    "capInsets": [
      0,
      0,
      0,
      0
    ],
    "vertices": {
      "rawPosition": [
        -63,
        -67,
        0,
        63,
        -67,
        0,
        -63,
        67,
        0,
        63,
        67,
        0
      ],
      "indexes": [
        0,
        1,
        2,
        2,
        1,
        3
      ],
      "uv": [
        2,
        134,
        128,
        134,
        2,
        0,
        128,
        0
      ],
      "nuv": [
        0.014925373134328358,
        0,
        0.9552238805970149,
        0,
        0.014925373134328358,
        1,
        0.9552238805970149,
        1
      ],
      "minPos": {
        "x": -63,
        "y": -67,
        "z": 0
      },
      "maxPos": {
        "x": 63,
        "y": 67,
        "z": 0
      }
    },
    "texture": "f151e76a-3f7b-404c-abbb-033ba90bb842@6c48a",
    "packable": true,
    "pixelsToUnit": 100,
    "pivot": {
      "x": 0.5,
      "y": 0.5
    },
    "meshType": 0
  }
}