{
  "__type__": "cc.SpriteFrame",
  "content": {
    "name": "ptfy1",
    "atlas": "",
    "rect": {
      "x": 14,
      "y": 12,
      "width": 110,
      "height": 112
    },
    "offset": {
      "x": 2,
      "y": -1
    },
    "originalSize": {
      "width": 134,
      "height": 134
    },
    "rotated": false,
    "capInsets": [
      0,
      0,
      0,
      0
    ],
    "vertices": {
      "rawPosition": [
        -55,
        -56,
        0,
        55,
        -56,
        0,
        -55,
        56,
        0,
        55,
        56,
        0
      ],
      "indexes": [
        0,
        1,
        2,
        2,
        1,
        3
      ],
      "uv": [
        14,
        122,
        124,
        122,
        14,
        10,
        124,
        10
      ],
      "nuv": [
        0.1044776119402985,
        0.07462686567164178,
        0.9253731343283582,
        0.07462686567164178,
        0.1044776119402985,
        0.9104477611940298,
        0.9253731343283582,
        0.9104477611940298
      ],
      "minPos": {
        "x": -55,
        "y": -56,
        "z": 0
      },
      "maxPos": {
        "x": 55,
        "y": 56,
        "z": 0
      }
    },
    "texture": "bd578973-a6fd-4903-af1c-da4d40e22e53@6c48a",
    "packable": true,
    "pixelsToUnit": 100,
    "pivot": {
      "x": 0.5,
      "y": 0.5
    },
    "meshType": 0
  }
}