{
  "__type__": "cc.SpriteFrame",
  "content": {
    "name": "nian",
    "atlas": "",
    "rect": {
      "x": 5,
      "y": 3,
      "width": 127,
      "height": 129
    },
    "offset": {
      "x": 1.5,
      "y": -0.5
    },
    "originalSize": {
      "width": 134,
      "height": 134
    },
    "rotated": false,
    "capInsets": [
      0,
      0,
      0,
      0
    ],
    "vertices": {
      "rawPosition": [
        -63.5,
        -64.5,
        0,
        63.5,
        -64.5,
        0,
        -63.5,
        64.5,
        0,
        63.5,
        64.5,
        0
      ],
      "indexes": [
        0,
        1,
        2,
        2,
        1,
        3
      ],
      "uv": [
        5,
        131,
        132,
        131,
        5,
        2,
        132,
        2
      ],
      "nuv": [
        0.03731343283582089,
        0.014925373134328358,
        0.9850746268656716,
        0.014925373134328358,
        0.03731343283582089,
        0.9776119402985075,
        0.9850746268656716,
        0.9776119402985075
      ],
      "minPos": {
        "x": -63.5,
        "y": -64.5,
        "z": 0
      },
      "maxPos": {
        "x": 63.5,
        "y": 64.5,
        "z": 0
      }
    },
    "texture": "bda3d709-a3f7-4506-8899-4e384a92a897@6c48a",
    "packable": true,
    "pixelsToUnit": 100,
    "pivot": {
      "x": 0.5,
      "y": 0.5
    },
    "meshType": 0
  }
}