{
  "__type__": "cc.SpriteFrame",
  "content": {
    "name": "zhao2",
    "atlas": "",
    "rect": {
      "x": 0,
      "y": 4,
      "width": 134,
      "height": 122
    },
    "offset": {
      "x": 0,
      "y": 2
    },
    "originalSize": {
      "width": 134,
      "height": 134
    },
    "rotated": false,
    "capInsets": [
      0,
      0,
      0,
      0
    ],
    "vertices": {
      "rawPosition": [
        -67,
        -61,
        0,
        67,
        -61,
        0,
        -67,
        61,
        0,
        67,
        61,
        0
      ],
      "indexes": [
        0,
        1,
        2,
        2,
        1,
        3
      ],
      "uv": [
        0,
        130,
        134,
        130,
        0,
        8,
        134,
        8
      ],
      "nuv": [
        0,
        0.05970149253731343,
        1,
        0.05970149253731343,
        0,
        0.9701492537313433,
        1,
        0.9701492537313433
      ],
      "minPos": {
        "x": -67,
        "y": -61,
        "z": 0
      },
      "maxPos": {
        "x": 67,
        "y": 61,
        "z": 0
      }
    },
    "texture": "608c1452-a2ec-4e8f-9a7f-1b00c8ad7210@6c48a",
    "packable": true,
    "pixelsToUnit": 100,
    "pivot": {
      "x": 0.5,
      "y": 0.5
    },
    "meshType": 0
  }
}