{
  "__type__": "cc.SpriteFrame",
  "content": {
    "name": "01_hc",
    "atlas": "",
    "rect": {
      "x": 0,
      "y": 15,
      "width": 225,
      "height": 214
    },
    "offset": {
      "x": -1.5,
      "y": -7.5
    },
    "originalSize": {
      "width": 228,
      "height": 229
    },
    "rotated": false,
    "capInsets": [
      0,
      0,
      0,
      0
    ],
    "vertices": {
      "rawPosition": [
        -112.5,
        -107,
        0,
        112.5,
        -107,
        0,
        -112.5,
        107,
        0,
        112.5,
        107,
        0
      ],
      "indexes": [
        0,
        1,
        2,
        2,
        1,
        3
      ],
      "uv": [
        0,
        214,
        225,
        214,
        0,
        0,
        225,
        0
      ],
      "nuv": [
        0,
        0,
        0.9868421052631579,
        0,
        0,
        0.9344978165938864,
        0.9868421052631579,
        0.9344978165938864
      ],
      "minPos": {
        "x": -112.5,
        "y": -107,
        "z": 0
      },
      "maxPos": {
        "x": 112.5,
        "y": 107,
        "z": 0
      }
    },
    "texture": "60993cdf-2935-4a86-9462-3ab838080e9f@6c48a",
    "packable": true,
    "pixelsToUnit": 100,
    "pivot": {
      "x": 0.5,
      "y": 0.5
    },
    "meshType": 0
  }
}