{
  "__type__": "cc.SpriteFrame",
  "content": {
    "name": "0031",
    "atlas": "",
    "rect": {
      "x": 8,
      "y": 8,
      "width": 127,
      "height": 134
    },
    "offset": {
      "x": -5.5,
      "y": 2
    },
    "originalSize": {
      "width": 154,
      "height": 154
    },
    "rotated": false,
    "capInsets": [
      0,
      0,
      0,
      0
    ],
    "vertices": {
      "rawPosition": [
        -63.5,
        -67,
        0,
        63.5,
        -67,
        0,
        -63.5,
        67,
        0,
        63.5,
        67,
        0
      ],
      "indexes": [
        0,
        1,
        2,
        2,
        1,
        3
      ],
      "uv": [
        8,
        146,
        135,
        146,
        8,
        12,
        135,
        12
      ],
      "nuv": [
        0.05194805194805195,
        0.07792207792207792,
        0.8766233766233766,
        0.07792207792207792,
        0.05194805194805195,
        0.948051948051948,
        0.8766233766233766,
        0.948051948051948
      ],
      "minPos": {
        "x": -63.5,
        "y": -67,
        "z": 0
      },
      "maxPos": {
        "x": 63.5,
        "y": 67,
        "z": 0
      }
    },
    "texture": "91263822-73fb-454c-8715-4f5a07d60d80@6c48a",
    "packable": true,
    "pixelsToUnit": 100,
    "pivot": {
      "x": 0.5,
      "y": 0.5
    },
    "meshType": 0
  }
}