{
  "__type__": "cc.SpriteFrame",
  "content": {
    "name": "icon_bj",
    "atlas": "",
    "rect": {
      "x": 8,
      "y": 7,
      "width": 284,
      "height": 281
    },
    "offset": {
      "x": 1,
      "y": -2
    },
    "originalSize": {
      "width": 298,
      "height": 291
    },
    "rotated": false,
    "capInsets": [
      0,
      0,
      0,
      0
    ],
    "vertices": {
      "rawPosition": [
        -142,
        -140.5,
        0,
        142,
        -140.5,
        0,
        -142,
        140.5,
        0,
        142,
        140.5,
        0
      ],
      "indexes": [
        0,
        1,
        2,
        2,
        1,
        3
      ],
      "uv": [
        8,
        284,
        292,
        284,
        8,
        3,
        292,
        3
      ],
      "nuv": [
        0.026845637583892617,
        0.010309278350515464,
        0.9798657718120806,
        0.010309278350515464,
        0.026845637583892617,
        0.9759450171821306,
        0.9798657718120806,
        0.9759450171821306
      ],
      "minPos": {
        "x": -142,
        "y": -140.5,
        "z": 0
      },
      "maxPos": {
        "x": 142,
        "y": 140.5,
        "z": 0
      }
    },
    "texture": "a107a6ee-cd02-41ee-b80c-2ff2f31ed84b@6c48a",
    "packable": true,
    "pixelsToUnit": 100,
    "pivot": {
      "x": 0.5,
      "y": 0.5
    },
    "meshType": 0
  }
}