{
  "__type__": "cc.SpriteFrame",
  "content": {
    "name": "16_hc",
    "atlas": "",
    "rect": {
      "x": 0,
      "y": 3,
      "width": 223,
      "height": 226
    },
    "offset": {
      "x": -2.5,
      "y": -1.5
    },
    "originalSize": {
      "width": 228,
      "height": 229
    },
    "rotated": false,
    "capInsets": [
      0,
      0,
      0,
      0
    ],
    "vertices": {
      "rawPosition": [
        -111.5,
        -113,
        0,
        111.5,
        -113,
        0,
        -111.5,
        113,
        0,
        111.5,
        113,
        0
      ],
      "indexes": [
        0,
        1,
        2,
        2,
        1,
        3
      ],
      "uv": [
        0,
        226,
        223,
        226,
        0,
        0,
        223,
        0
      ],
      "nuv": [
        0,
        0,
        0.9780701754385965,
        0,
        0,
        0.9868995633187773,
        0.9780701754385965,
        0.9868995633187773
      ],
      "minPos": {
        "x": -111.5,
        "y": -113,
        "z": 0
      },
      "maxPos": {
        "x": 111.5,
        "y": 113,
        "z": 0
      }
    },
    "texture": "a12dacec-bc3e-43c3-aeb4-faa9b75a8183@6c48a",
    "packable": true,
    "pixelsToUnit": 100,
    "pivot": {
      "x": 0.5,
      "y": 0.5
    },
    "meshType": 0
  }
}