{
  "__type__": "cc.SpriteFrame",
  "content": {
    "name": "jinbi",
    "atlas": "",
    "rect": {
      "x": 17,
      "y": 15,
      "width": 107,
      "height": 108
    },
    "offset": {
      "x": 3.5,
      "y": -2
    },
    "originalSize": {
      "width": 134,
      "height": 134
    },
    "rotated": false,
    "capInsets": [
      0,
      0,
      0,
      0
    ],
    "vertices": {
      "rawPosition": [
        -53.5,
        -54,
        0,
        53.5,
        -54,
        0,
        -53.5,
        54,
        0,
        53.5,
        54,
        0
      ],
      "indexes": [
        0,
        1,
        2,
        2,
        1,
        3
      ],
      "uv": [
        17,
        119,
        124,
        119,
        17,
        11,
        124,
        11
      ],
      "nuv": [
        0.12686567164179105,
        0.08208955223880597,
        0.9253731343283582,
        0.08208955223880597,
        0.12686567164179105,
        0.8880597014925373,
        0.9253731343283582,
        0.8880597014925373
      ],
      "minPos": {
        "x": -53.5,
        "y": -54,
        "z": 0
      },
      "maxPos": {
        "x": 53.5,
        "y": 54,
        "z": 0
      }
    },
    "texture": "a1eaa2de-cc07-4327-8b42-57963d1b53f7@6c48a",
    "packable": true,
    "pixelsToUnit": 100,
    "pivot": {
      "x": 0.5,
      "y": 0.5
    },
    "meshType": 0
  }
}