{
  "__type__": "cc.SpriteFrame",
  "content": {
    "name": "bg_2",
    "atlas": "",
    "rect": {
      "x": 6,
      "y": 5,
      "width": 310,
      "height": 422
    },
    "offset": {
      "x": 1,
      "y": 1
    },
    "originalSize": {
      "width": 320,
      "height": 434
    },
    "rotated": false,
    "capInsets": [
      0,
      0,
      0,
      0
    ],
    "vertices": {
      "rawPosition": [
        -155,
        -211,
        0,
        155,
        -211,
        0,
        -155,
        211,
        0,
        155,
        211,
        0
      ],
      "indexes": [
        0,
        1,
        2,
        2,
        1,
        3
      ],
      "uv": [
        6,
        429,
        316,
        429,
        6,
        7,
        316,
        7
      ],
      "nuv": [
        0.01875,
        0.016129032258064516,
        0.9875,
        0.016129032258064516,
        0.01875,
        0.988479262672811,
        0.9875,
        0.988479262672811
      ],
      "minPos": {
        "x": -155,
        "y": -211,
        "z": 0
      },
      "maxPos": {
        "x": 155,
        "y": 211,
        "z": 0
      }
    },
    "texture": "68d17723-0ae0-4dd0-80be-37826ebabd88@6c48a",
    "packable": true,
    "pixelsToUnit": 100,
    "pivot": {
      "x": 0.5,
      "y": 0.5
    },
    "meshType": 0
  }
}