{
  "__type__": "cc.SpriteFrame",
  "content": {
    "name": "18",
    "atlas": "",
    "rect": {
      "x": 12,
      "y": 15,
      "width": 114,
      "height": 112
    },
    "offset": {
      "x": 2,
      "y": -4
    },
    "originalSize": {
      "width": 134,
      "height": 134
    },
    "rotated": false,
    "capInsets": [
      0,
      0,
      0,
      0
    ],
    "vertices": {
      "rawPosition": [
        -57,
        -56,
        0,
        57,
        -56,
        0,
        -57,
        56,
        0,
        57,
        56,
        0
      ],
      "indexes": [
        0,
        1,
        2,
        2,
        1,
        3
      ],
      "uv": [
        12,
        119,
        126,
        119,
        12,
        7,
        126,
        7
      ],
      "nuv": [
        0.08955223880597014,
        0.05223880597014925,
        0.9402985074626866,
        0.05223880597014925,
        0.08955223880597014,
        0.8880597014925373,
        0.9402985074626866,
        0.8880597014925373
      ],
      "minPos": {
        "x": -57,
        "y": -56,
        "z": 0
      },
      "maxPos": {
        "x": 57,
        "y": 56,
        "z": 0
      }
    },
    "texture": "68f12c9a-a519-496a-961c-34c89435f772@6c48a",
    "packable": true,
    "pixelsToUnit": 100,
    "pivot": {
      "x": 0.5,
      "y": 0.5
    },
    "meshType": 0
  }
}