{
  "__type__": "cc.SpriteFrame",
  "content": {
    "name": "qianghuashi",
    "atlas": "",
    "rect": {
      "x": 21,
      "y": 13,
      "width": 94,
      "height": 114
    },
    "offset": {
      "x": 1,
      "y": -3
    },
    "originalSize": {
      "width": 134,
      "height": 134
    },
    "rotated": false,
    "capInsets": [
      0,
      0,
      0,
      0
    ],
    "vertices": {
      "rawPosition": [
        -47,
        -57,
        0,
        47,
        -57,
        0,
        -47,
        57,
        0,
        47,
        57,
        0
      ],
      "indexes": [
        0,
        1,
        2,
        2,
        1,
        3
      ],
      "uv": [
        21,
        121,
        115,
        121,
        21,
        7,
        115,
        7
      ],
      "nuv": [
        0.15671641791044777,
        0.05223880597014925,
        0.8582089552238806,
        0.05223880597014925,
        0.15671641791044777,
        0.9029850746268657,
        0.8582089552238806,
        0.9029850746268657
      ],
      "minPos": {
        "x": -47,
        "y": -57,
        "z": 0
      },
      "maxPos": {
        "x": 47,
        "y": 57,
        "z": 0
      }
    },
    "texture": "3de77553-83e5-4dc3-be00-50a8d25c6ae0@6c48a",
    "packable": true,
    "pixelsToUnit": 100,
    "pivot": {
      "x": 0.5,
      "y": 0.5
    },
    "meshType": 0
  }
}