{
  "__type__": "cc.SpriteFrame",
  "content": {
    "name": "shuijing",
    "atlas": "",
    "rect": {
      "x": 18,
      "y": 15,
      "width": 101,
      "height": 106
    },
    "offset": {
      "x": 1.5,
      "y": -1
    },
    "originalSize": {
      "width": 134,
      "height": 134
    },
    "rotated": false,
    "capInsets": [
      0,
      0,
      0,
      0
    ],
    "vertices": {
      "rawPosition": [
        -50.5,
        -53,
        0,
        50.5,
        -53,
        0,
        -50.5,
        53,
        0,
        50.5,
        53,
        0
      ],
      "indexes": [
        0,
        1,
        2,
        2,
        1,
        3
      ],
      "uv": [
        18,
        119,
        119,
        119,
        18,
        13,
        119,
        13
      ],
      "nuv": [
        0.13432835820895522,
        0.09701492537313433,
        0.8880597014925373,
        0.09701492537313433,
        0.13432835820895522,
        0.8880597014925373,
        0.8880597014925373,
        0.8880597014925373
      ],
      "minPos": {
        "x": -50.5,
        "y": -53,
        "z": 0
      },
      "maxPos": {
        "x": 50.5,
        "y": 53,
        "z": 0
      }
    },
    "texture": "792d44e0-ab10-4264-8da0-9eb59094f69a@6c48a",
    "packable": true,
    "pixelsToUnit": 100,
    "pivot": {
      "x": 0.5,
      "y": 0.5
    },
    "meshType": 0
  }
}