{
  "__type__": "cc.SpriteFrame",
  "content": {
    "name": "zhilingka",
    "atlas": "",
    "rect": {
      "x": 4,
      "y": 5,
      "width": 125,
      "height": 128
    },
    "offset": {
      "x": -0.5,
      "y": -2
    },
    "originalSize": {
      "width": 134,
      "height": 134
    },
    "rotated": false,
    "capInsets": [
      0,
      0,
      0,
      0
    ],
    "vertices": {
      "rawPosition": [
        -62.5,
        -64,
        0,
        62.5,
        -64,
        0,
        -62.5,
        64,
        0,
        62.5,
        64,
        0
      ],
      "indexes": [
        0,
        1,
        2,
        2,
        1,
        3
      ],
      "uv": [
        4,
        129,
        129,
        129,
        4,
        1,
        129,
        1
      ],
      "nuv": [
        0.029850746268656716,
        0.007462686567164179,
        0.9626865671641791,
        0.007462686567164179,
        0.029850746268656716,
        0.9626865671641791,
        0.9626865671641791,
        0.9626865671641791
      ],
      "minPos": {
        "x": -62.5,
        "y": -64,
        "z": 0
      },
      "maxPos": {
        "x": 62.5,
        "y": 64,
        "z": 0
      }
    },
    "texture": "ad5c6784-76c0-417a-ad6c-5cf76fd6cbdb@6c48a",
    "packable": true,
    "pixelsToUnit": 100,
    "pivot": {
      "x": 0.5,
      "y": 0.5
    },
    "meshType": 0
  }
}