{
  "__type__": "cc.SpriteFrame",
  "content": {
    "name": "ghk1",
    "atlas": "",
    "rect": {
      "x": 19,
      "y": 16,
      "width": 98,
      "height": 107
    },
    "offset": {
      "x": 1,
      "y": -2.5
    },
    "originalSize": {
      "width": 134,
      "height": 134
    },
    "rotated": false,
    "capInsets": [
      0,
      0,
      0,
      0
    ],
    "vertices": {
      "rawPosition": [
        -49,
        -53.5,
        0,
        49,
        -53.5,
        0,
        -49,
        53.5,
        0,
        49,
        53.5,
        0
      ],
      "indexes": [
        0,
        1,
        2,
        2,
        1,
        3
      ],
      "uv": [
        19,
        118,
        117,
        118,
        19,
        11,
        117,
        11
      ],
      "nuv": [
        0.1417910447761194,
        0.08208955223880597,
        0.8731343283582089,
        0.08208955223880597,
        0.1417910447761194,
        0.8805970149253731,
        0.8731343283582089,
        0.8805970149253731
      ],
      "minPos": {
        "x": -49,
        "y": -53.5,
        "z": 0
      },
      "maxPos": {
        "x": 49,
        "y": 53.5,
        "z": 0
      }
    },
    "texture": "96f63a82-c5d0-4db8-9023-642e0ac773a1@6c48a",
    "packable": true,
    "pixelsToUnit": 100,
    "pivot": {
      "x": 0.5,
      "y": 0.5
    },
    "meshType": 0
  }
}