{
  "__type__": "cc.SpriteFrame",
  "content": {
    "name": "baoxiang5",
    "atlas": "",
    "rect": {
      "x": 11,
      "y": 11,
      "width": 114,
      "height": 105
    },
    "offset": {
      "x": 1,
      "y": 3.5
    },
    "originalSize": {
      "width": 134,
      "height": 134
    },
    "rotated": false,
    "capInsets": [
      0,
      0,
      0,
      0
    ],
    "vertices": {
      "rawPosition": [
        -57,
        -52.5,
        0,
        57,
        -52.5,
        0,
        -57,
        52.5,
        0,
        57,
        52.5,
        0
      ],
      "indexes": [
        0,
        1,
        2,
        2,
        1,
        3
      ],
      "uv": [
        11,
        123,
        125,
        123,
        11,
        18,
        125,
        18
      ],
      "nuv": [
        0.08208955223880597,
        0.13432835820895522,
        0.9328358208955224,
        0.13432835820895522,
        0.08208955223880597,
        0.917910447761194,
        0.9328358208955224,
        0.917910447761194
      ],
      "minPos": {
        "x": -57,
        "y": -52.5,
        "z": 0
      },
      "maxPos": {
        "x": 57,
        "y": 52.5,
        "z": 0
      }
    },
    "texture": "f57f5bca-a071-4fae-b99c-c69c16ff03b5@6c48a",
    "packable": true,
    "pixelsToUnit": 100,
    "pivot": {
      "x": 0.5,
      "y": 0.5
    },
    "meshType": 0
  }
}