{
  "__type__": "cc.SpriteFrame",
  "content": {
    "name": "libao3",
    "atlas": "",
    "rect": {
      "x": 0,
      "y": 22,
      "width": 134,
      "height": 100
    },
    "offset": {
      "x": 0,
      "y": -5
    },
    "originalSize": {
      "width": 134,
      "height": 134
    },
    "rotated": false,
    "capInsets": [
      0,
      0,
      0,
      0
    ],
    "vertices": {
      "rawPosition": [
        -67,
        -50,
        0,
        67,
        -50,
        0,
        -67,
        50,
        0,
        67,
        50,
        0
      ],
      "indexes": [
        0,
        1,
        2,
        2,
        1,
        3
      ],
      "uv": [
        0,
        112,
        134,
        112,
        0,
        12,
        134,
        12
      ],
      "nuv": [
        0,
        0.08955223880597014,
        1,
        0.08955223880597014,
        0,
        0.835820895522388,
        1,
        0.835820895522388
      ],
      "minPos": {
        "x": -67,
        "y": -50,
        "z": 0
      },
      "maxPos": {
        "x": 67,
        "y": 50,
        "z": 0
      }
    },
    "texture": "7c76b439-a211-4988-8d20-9f07b3bb327b@6c48a",
    "packable": true,
    "pixelsToUnit": 100,
    "pivot": {
      "x": 0.5,
      "y": 0.5
    },
    "meshType": 0
  }
}