{
  "__type__": "cc.SpriteFrame",
  "content": {
    "name": "icon_hj",
    "atlas": "",
    "rect": {
      "x": 7,
      "y": 22,
      "width": 283,
      "height": 267
    },
    "offset": {
      "x": -0.5,
      "y": -10
    },
    "originalSize": {
      "width": 298,
      "height": 291
    },
    "rotated": false,
    "capInsets": [
      0,
      0,
      0,
      0
    ],
    "vertices": {
      "rawPosition": [
        -141.5,
        -133.5,
        0,
        141.5,
        -133.5,
        0,
        -141.5,
        133.5,
        0,
        141.5,
        133.5,
        0
      ],
      "indexes": [
        0,
        1,
        2,
        2,
        1,
        3
      ],
      "uv": [
        7,
        269,
        290,
        269,
        7,
        2,
        290,
        2
      ],
      "nuv": [
        0.02348993288590604,
        0.006872852233676976,
        0.9731543624161074,
        0.006872852233676976,
        0.02348993288590604,
        0.9243986254295533,
        0.9731543624161074,
        0.9243986254295533
      ],
      "minPos": {
        "x": -141.5,
        "y": -133.5,
        "z": 0
      },
      "maxPos": {
        "x": 141.5,
        "y": 133.5,
        "z": 0
      }
    },
    "texture": "ec8db770-7caf-41e6-bf54-7cad547e363f@6c48a",
    "packable": true,
    "pixelsToUnit": 100,
    "pivot": {
      "x": 0.5,
      "y": 0.5
    },
    "meshType": 0
  }
}