{
  "__type__": "cc.SpriteFrame",
  "content": {
    "name": "商城",
    "atlas": "",
    "rect": {
      "x": 4,
      "y": 0,
      "width": 130,
      "height": 139
    },
    "offset": {
      "x": 0,
      "y": 0
    },
    "originalSize": {
      "width": 138,
      "height": 139
    },
    "rotated": false,
    "capInsets": [
      0,
      0,
      0,
      0
    ],
    "vertices": {
      "rawPosition": [
        -65,
        -69.5,
        0,
        65,
        -69.5,
        0,
        -65,
        69.5,
        0,
        65,
        69.5,
        0
      ],
      "indexes": [
        0,
        1,
        2,
        2,
        1,
        3
      ],
      "uv": [
        4,
        139,
        134,
        139,
        4,
        0,
        134,
        0
      ],
      "nuv": [
        0.028985507246376812,
        0,
        0.9710144927536232,
        0,
        0.028985507246376812,
        1,
        0.9710144927536232,
        1
      ],
      "minPos": {
        "x": -65,
        "y": -69.5,
        "z": 0
      },
      "maxPos": {
        "x": 65,
        "y": 69.5,
        "z": 0
      }
    },
    "texture": "90c5fc6d-a771-4766-8c52-e5db165d903a@6c48a",
    "packable": true,
    "pixelsToUnit": 100,
    "pivot": {
      "x": 0.5,
      "y": 0.5
    },
    "meshType": 0
  }
}