{
  "__type__": "cc.SpriteFrame",
  "content": {
    "name": "框02",
    "atlas": "",
    "rect": {
      "x": 15,
      "y": 0,
      "width": 199,
      "height": 203
    },
    "offset": {
      "x": 4.5,
      "y": 3.5
    },
    "originalSize": {
      "width": 220,
      "height": 210
    },
    "rotated": false,
    "capInsets": [
      0,
      0,
      0,
      0
    ],
    "vertices": {
      "rawPosition": [
        -99.5,
        -101.5,
        0,
        99.5,
        -101.5,
        0,
        -99.5,
        101.5,
        0,
        99.5,
        101.5,
        0
      ],
      "indexes": [
        0,
        1,
        2,
        2,
        1,
        3
      ],
      "uv": [
        15,
        210,
        214,
        210,
        15,
        7,
        214,
        7
      ],
      "nuv": [
        0.06818181818181818,
        0.03333333333333333,
        0.9727272727272728,
        0.03333333333333333,
        0.06818181818181818,
        1,
        0.9727272727272728,
        1
      ],
      "minPos": {
        "x": -99.5,
        "y": -101.5,
        "z": 0
      },
      "maxPos": {
        "x": 99.5,
        "y": 101.5,
        "z": 0
      }
    },
    "texture": "1300cb96-7384-4a6c-9a07-775877c2ee03@6c48a",
    "packable": true,
    "pixelsToUnit": 100,
    "pivot": {
      "x": 0.5,
      "y": 0.5
    },
    "meshType": 0
  }
}