{
  "__type__": "cc.SpriteFrame",
  "content": {
    "name": "baoshi",
    "atlas": "",
    "rect": {
      "x": 7,
      "y": 6,
      "width": 56,
      "height": 60
    },
    "offset": {
      "x": 1.5,
      "y": -2.5
    },
    "originalSize": {
      "width": 67,
      "height": 67
    },
    "rotated": false,
    "capInsets": [
      0,
      0,
      0,
      0
    ],
    "vertices": {
      "rawPosition": [
        -28,
        -30,
        0,
        28,
        -30,
        0,
        -28,
        30,
        0,
        28,
        30,
        0
      ],
      "indexes": [
        0,
        1,
        2,
        2,
        1,
        3
      ],
      "uv": [
        7,
        61,
        63,
        61,
        7,
        1,
        63,
        1
      ],
      "nuv": [
        0.1044776119402985,
        0.014925373134328358,
        0.9402985074626866,
        0.014925373134328358,
        0.1044776119402985,
        0.9104477611940298,
        0.9402985074626866,
        0.9104477611940298
      ],
      "minPos": {
        "x": -28,
        "y": -30,
        "z": 0
      },
      "maxPos": {
        "x": 28,
        "y": 30,
        "z": 0
      }
    },
    "texture": "fb306d5f-6583-4668-ab09-13a78e232516@6c48a",
    "packable": true,
    "pixelsToUnit": 100,
    "pivot": {
      "x": 0.5,
      "y": 0.5
    },
    "meshType": 0
  }
}