{
  "__type__": "cc.SpriteFrame",
  "content": {
    "name": "ef1_001_01",
    "atlas": "",
    "rect": {
      "x": 2,
      "y": 2,
      "width": 397,
      "height": 70
    },
    "offset": {
      "x": 0,
      "y": 0
    },
    "originalSize": {
      "width": 401,
      "height": 74
    },
    "rotated": false,
    "capInsets": [
      0,
      0,
      0,
      0
    ],
    "vertices": {
      "rawPosition": [
        -198.5,
        -35,
        0,
        198.5,
        -35,
        0,
        -198.5,
        35,
        0,
        198.5,
        35,
        0
      ],
      "indexes": [
        0,
        1,
        2,
        2,
        1,
        3
      ],
      "uv": [
        2,
        72,
        399,
        72,
        2,
        2,
        399,
        2
      ],
      "nuv": [
        0.004987531172069825,
        0.02702702702702703,
        0.9950124688279302,
        0.02702702702702703,
        0.004987531172069825,
        0.972972972972973,
        0.9950124688279302,
        0.972972972972973
      ],
      "minPos": {
        "x": -198.5,
        "y": -35,
        "z": 0
      },
      "maxPos": {
        "x": 198.5,
        "y": 35,
        "z": 0
      }
    },
    "texture": "fb829678-7b73-4ca1-a350-6b30d6511ab0@6c48a",
    "packable": true,
    "pixelsToUnit": 100,
    "pivot": {
      "x": 0.5,
      "y": 0.5
    },
    "meshType": 0
  }
}