{
  "__type__": "cc.SpriteFrame",
  "content": {
    "name": "1",
    "atlas": "",
    "rect": {
      "x": 11,
      "y": 21,
      "width": 137,
      "height": 123
    },
    "offset": {
      "x": 2.5,
      "y": -5.5
    },
    "originalSize": {
      "width": 154,
      "height": 154
    },
    "rotated": false,
    "capInsets": [
      0,
      0,
      0,
      0
    ],
    "vertices": {
      "rawPosition": [
        -68.5,
        -61.5,
        0,
        68.5,
        -61.5,
        0,
        -68.5,
        61.5,
        0,
        68.5,
        61.5,
        0
      ],
      "indexes": [
        0,
        1,
        2,
        2,
        1,
        3
      ],
      "uv": [
        11,
        133,
        148,
        133,
        11,
        10,
        148,
        10
      ],
      "nuv": [
        0.07142857142857142,
        0.06493506493506493,
        0.961038961038961,
        0.06493506493506493,
        0.07142857142857142,
        0.8636363636363636,
        0.961038961038961,
        0.8636363636363636
      ],
      "minPos": {
        "x": -68.5,
        "y": -61.5,
        "z": 0
      },
      "maxPos": {
        "x": 68.5,
        "y": 61.5,
        "z": 0
      }
    },
    "texture": "fbd53d9d-401e-4e55-bc0f-2ee005ec4605@6c48a",
    "packable": true,
    "pixelsToUnit": 100,
    "pivot": {
      "x": 0.5,
      "y": 0.5
    },
    "meshType": 0
  }
}