{
  "__type__": "cc.SpriteFrame",
  "content": {
    "name": "baoxiang7",
    "atlas": "",
    "rect": {
      "x": 7,
      "y": 21,
      "width": 123,
      "height": 98
    },
    "offset": {
      "x": 1.5,
      "y": -3
    },
    "originalSize": {
      "width": 134,
      "height": 134
    },
    "rotated": false,
    "capInsets": [
      0,
      0,
      0,
      0
    ],
    "vertices": {
      "rawPosition": [
        -61.5,
        -49,
        0,
        61.5,
        -49,
        0,
        -61.5,
        49,
        0,
        61.5,
        49,
        0
      ],
      "indexes": [
        0,
        1,
        2,
        2,
        1,
        3
      ],
      "uv": [
        7,
        113,
        130,
        113,
        7,
        15,
        130,
        15
      ],
      "nuv": [
        0.05223880597014925,
        0.11194029850746269,
        0.9701492537313433,
        0.11194029850746269,
        0.05223880597014925,
        0.8432835820895522,
        0.9701492537313433,
        0.8432835820895522
      ],
      "minPos": {
        "x": -61.5,
        "y": -49,
        "z": 0
      },
      "maxPos": {
        "x": 61.5,
        "y": 49,
        "z": 0
      }
    },
    "texture": "5666ebe1-3780-4004-a879-f5a16c1080ab@6c48a",
    "packable": true,
    "pixelsToUnit": 100,
    "pivot": {
      "x": 0.5,
      "y": 0.5
    },
    "meshType": 0
  }
}