{
  "__type__": "cc.SpriteFrame",
  "content": {
    "name": "zhongzi",
    "atlas": "",
    "rect": {
      "x": 24,
      "y": 14,
      "width": 89,
      "height": 111
    },
    "offset": {
      "x": 1.5,
      "y": -2.5
    },
    "originalSize": {
      "width": 134,
      "height": 134
    },
    "rotated": false,
    "capInsets": [
      0,
      0,
      0,
      0
    ],
    "vertices": {
      "rawPosition": [
        -44.5,
        -55.5,
        0,
        44.5,
        -55.5,
        0,
        -44.5,
        55.5,
        0,
        44.5,
        55.5,
        0
      ],
      "indexes": [
        0,
        1,
        2,
        2,
        1,
        3
      ],
      "uv": [
        24,
        120,
        113,
        120,
        24,
        9,
        113,
        9
      ],
      "nuv": [
        0.1791044776119403,
        0.06716417910447761,
        0.8432835820895522,
        0.06716417910447761,
        0.1791044776119403,
        0.8955223880597015,
        0.8432835820895522,
        0.8955223880597015
      ],
      "minPos": {
        "x": -44.5,
        "y": -55.5,
        "z": 0
      },
      "maxPos": {
        "x": 44.5,
        "y": 55.5,
        "z": 0
      }
    },
    "texture": "0d05f3cc-7297-4506-8ba4-cb1c44394631@6c48a",
    "packable": true,
    "pixelsToUnit": 100,
    "pivot": {
      "x": 0.5,
      "y": 0.5
    },
    "meshType": 0
  }
}