{
  "__type__": "cc.SpriteFrame",
  "content": {
    "name": "qt_3",
    "atlas": "",
    "rect": {
      "x": 4,
      "y": 1,
      "width": 147,
      "height": 50
    },
    "offset": {
      "x": 1.5,
      "y": 0.5
    },
    "originalSize": {
      "width": 152,
      "height": 53
    },
    "rotated": false,
    "capInsets": [
      0,
      0,
      0,
      0
    ],
    "vertices": {
      "rawPosition": [
        -73.5,
        -25,
        0,
        73.5,
        -25,
        0,
        -73.5,
        25,
        0,
        73.5,
        25,
        0
      ],
      "indexes": [
        0,
        1,
        2,
        2,
        1,
        3
      ],
      "uv": [
        4,
        52,
        151,
        52,
        4,
        2,
        151,
        2
      ],
      "nuv": [
        0.02631578947368421,
        0.03773584905660377,
        0.993421052631579,
        0.03773584905660377,
        0.02631578947368421,
        0.9811320754716981,
        0.993421052631579,
        0.9811320754716981
      ],
      "minPos": {
        "x": -73.5,
        "y": -25,
        "z": 0
      },
      "maxPos": {
        "x": 73.5,
        "y": 25,
        "z": 0
      }
    },
    "texture": "1112ebfa-01af-4530-be5a-bb51d426230c@6c48a",
    "packable": true,
    "pixelsToUnit": 100,
    "pivot": {
      "x": 0.5,
      "y": 0.5
    },
    "meshType": 0
  }
}