{
  "__type__": "cc.SpriteFrame",
  "content": {
    "name": "加速",
    "atlas": "",
    "rect": {
      "x": 11,
      "y": 14,
      "width": 112,
      "height": 106
    },
    "offset": {
      "x": 0,
      "y": 0
    },
    "originalSize": {
      "width": 134,
      "height": 134
    },
    "rotated": false,
    "capInsets": [
      0,
      0,
      0,
      0
    ],
    "vertices": {
      "rawPosition": [
        -56,
        -53,
        0,
        56,
        -53,
        0,
        -56,
        53,
        0,
        56,
        53,
        0
      ],
      "indexes": [
        0,
        1,
        2,
        2,
        1,
        3
      ],
      "uv": [
        11,
        120,
        123,
        120,
        11,
        14,
        123,
        14
      ],
      "nuv": [
        0.08208955223880597,
        0.1044776119402985,
        0.917910447761194,
        0.1044776119402985,
        0.08208955223880597,
        0.8955223880597015,
        0.917910447761194,
        0.8955223880597015
      ],
      "minPos": {
        "x": -56,
        "y": -53,
        "z": 0
      },
      "maxPos": {
        "x": 56,
        "y": 53,
        "z": 0
      }
    },
    "texture": "11562eec-08cf-465a-a000-28fbbe16a858@6c48a",
    "packable": true,
    "pixelsToUnit": 100,
    "pivot": {
      "x": 0.5,
      "y": 0.5
    },
    "meshType": 0
  }
}