{
  "__type__": "cc.SpriteFrame",
  "content": {
    "name": "baoshi",
    "atlas": "",
    "rect": {
      "x": 13,
      "y": 12,
      "width": 112,
      "height": 119
    },
    "offset": {
      "x": 2,
      "y": -4.5
    },
    "originalSize": {
      "width": 134,
      "height": 134
    },
    "rotated": false,
    "capInsets": [
      0,
      0,
      0,
      0
    ],
    "vertices": {
      "rawPosition": [
        -56,
        -59.5,
        0,
        56,
        -59.5,
        0,
        -56,
        59.5,
        0,
        56,
        59.5,
        0
      ],
      "indexes": [
        0,
        1,
        2,
        2,
        1,
        3
      ],
      "uv": [
        13,
        122,
        125,
        122,
        13,
        3,
        125,
        3
      ],
      "nuv": [
        0.09701492537313433,
        0.022388059701492536,
        0.9328358208955224,
        0.022388059701492536,
        0.09701492537313433,
        0.9104477611940298,
        0.9328358208955224,
        0.9104477611940298
      ],
      "minPos": {
        "x": -56,
        "y": -59.5,
        "z": 0
      },
      "maxPos": {
        "x": 56,
        "y": 59.5,
        "z": 0
      }
    },
    "texture": "591bf290-9322-4945-aef3-0505f5e8579a@6c48a",
    "packable": true,
    "pixelsToUnit": 100,
    "pivot": {
      "x": 0.5,
      "y": 0.5
    },
    "meshType": 0
  }
}