{
  "__type__": "cc.SpriteFrame",
  "content": {
    "name": "3903",
    "atlas": "",
    "rect": {
      "x": 8,
      "y": 18,
      "width": 145,
      "height": 126
    },
    "offset": {
      "x": 3.5,
      "y": -4
    },
    "originalSize": {
      "width": 154,
      "height": 154
    },
    "rotated": false,
    "capInsets": [
      0,
      0,
      0,
      0
    ],
    "vertices": {
      "rawPosition": [
        -72.5,
        -63,
        0,
        72.5,
        -63,
        0,
        -72.5,
        63,
        0,
        72.5,
        63,
        0
      ],
      "indexes": [
        0,
        1,
        2,
        2,
        1,
        3
      ],
      "uv": [
        8,
        136,
        153,
        136,
        8,
        10,
        153,
        10
      ],
      "nuv": [
        0.05194805194805195,
        0.06493506493506493,
        0.9935064935064936,
        0.06493506493506493,
        0.05194805194805195,
        0.8831168831168831,
        0.9935064935064936,
        0.8831168831168831
      ],
      "minPos": {
        "x": -72.5,
        "y": -63,
        "z": 0
      },
      "maxPos": {
        "x": 72.5,
        "y": 63,
        "z": 0
      }
    },
    "texture": "59b1a4b0-5a81-427a-a50c-814979841edd@6c48a",
    "packable": true,
    "pixelsToUnit": 100,
    "pivot": {
      "x": 0.5,
      "y": 0.5
    },
    "meshType": 0
  }
}