{
  "__type__": "cc.SpriteFrame",
  "content": {
    "name": "bosstzl",
    "atlas": "",
    "rect": {
      "x": 11,
      "y": 14,
      "width": 112,
      "height": 107
    },
    "offset": {
      "x": 0,
      "y": -0.5
    },
    "originalSize": {
      "width": 134,
      "height": 134
    },
    "rotated": false,
    "capInsets": [
      0,
      0,
      0,
      0
    ],
    "vertices": {
      "rawPosition": [
        -56,
        -53.5,
        0,
        56,
        -53.5,
        0,
        -56,
        53.5,
        0,
        56,
        53.5,
        0
      ],
      "indexes": [
        0,
        1,
        2,
        2,
        1,
        3
      ],
      "uv": [
        11,
        120,
        123,
        120,
        11,
        13,
        123,
        13
      ],
      "nuv": [
        0.08208955223880597,
        0.09701492537313433,
        0.917910447761194,
        0.09701492537313433,
        0.08208955223880597,
        0.8955223880597015,
        0.917910447761194,
        0.8955223880597015
      ],
      "minPos": {
        "x": -56,
        "y": -53.5,
        "z": 0
      },
      "maxPos": {
        "x": 56,
        "y": 53.5,
        "z": 0
      }
    },
    "texture": "9f25432d-5a19-4de5-9a76-d31d99cad105@6c48a",
    "packable": true,
    "pixelsToUnit": 100,
    "pivot": {
      "x": 0.5,
      "y": 0.5
    },
    "meshType": 0
  }
}