{
  "__type__": "cc.SpriteFrame",
  "content": {
    "name": "baoxiang8",
    "atlas": "",
    "rect": {
      "x": 7,
      "y": 20,
      "width": 121,
      "height": 98
    },
    "offset": {
      "x": 0.5,
      "y": -2
    },
    "originalSize": {
      "width": 134,
      "height": 134
    },
    "rotated": false,
    "capInsets": [
      0,
      0,
      0,
      0
    ],
    "vertices": {
      "rawPosition": [
        -60.5,
        -49,
        0,
        60.5,
        -49,
        0,
        -60.5,
        49,
        0,
        60.5,
        49,
        0
      ],
      "indexes": [
        0,
        1,
        2,
        2,
        1,
        3
      ],
      "uv": [
        7,
        114,
        128,
        114,
        7,
        16,
        128,
        16
      ],
      "nuv": [
        0.05223880597014925,
        0.11940298507462686,
        0.9552238805970149,
        0.11940298507462686,
        0.05223880597014925,
        0.8507462686567164,
        0.9552238805970149,
        0.8507462686567164
      ],
      "minPos": {
        "x": -60.5,
        "y": -49,
        "z": 0
      },
      "maxPos": {
        "x": 60.5,
        "y": 49,
        "z": 0
      }
    },
    "texture": "6713df06-4264-4bf8-83b7-9e65c5e8b389@6c48a",
    "packable": true,
    "pixelsToUnit": 100,
    "pivot": {
      "x": 0.5,
      "y": 0.5
    },
    "meshType": 0
  }
}