{
  "__type__": "cc.SpriteFrame",
  "content": {
    "name": "shui",
    "atlas": "",
    "rect": {
      "x": 23,
      "y": 19,
      "width": 91,
      "height": 101
    },
    "offset": {
      "x": 1.5,
      "y": -2.5
    },
    "originalSize": {
      "width": 134,
      "height": 134
    },
    "rotated": false,
    "capInsets": [
      0,
      0,
      0,
      0
    ],
    "vertices": {
      "rawPosition": [
        -45.5,
        -50.5,
        0,
        45.5,
        -50.5,
        0,
        -45.5,
        50.5,
        0,
        45.5,
        50.5,
        0
      ],
      "indexes": [
        0,
        1,
        2,
        2,
        1,
        3
      ],
      "uv": [
        23,
        115,
        114,
        115,
        23,
        14,
        114,
        14
      ],
      "nuv": [
        0.17164179104477612,
        0.1044776119402985,
        0.8507462686567164,
        0.1044776119402985,
        0.17164179104477612,
        0.8582089552238806,
        0.8507462686567164,
        0.8582089552238806
      ],
      "minPos": {
        "x": -45.5,
        "y": -50.5,
        "z": 0
      },
      "maxPos": {
        "x": 45.5,
        "y": 50.5,
        "z": 0
      }
    },
    "texture": "fd18b5ff-6459-4e00-bcdb-f88317d28a63@6c48a",
    "packable": true,
    "pixelsToUnit": 100,
    "pivot": {
      "x": 0.5,
      "y": 0.5
    },
    "meshType": 0
  }
}