{
  "__type__": "cc.SpriteFrame",
  "content": {
    "name": "tiaozhan",
    "atlas": "",
    "rect": {
      "x": 7,
      "y": 15,
      "width": 123,
      "height": 107
    },
    "offset": {
      "x": 1.5,
      "y": -1.5
    },
    "originalSize": {
      "width": 134,
      "height": 134
    },
    "rotated": false,
    "capInsets": [
      0,
      0,
      0,
      0
    ],
    "vertices": {
      "rawPosition": [
        -61.5,
        -53.5,
        0,
        61.5,
        -53.5,
        0,
        -61.5,
        53.5,
        0,
        61.5,
        53.5,
        0
      ],
      "indexes": [
        0,
        1,
        2,
        2,
        1,
        3
      ],
      "uv": [
        7,
        119,
        130,
        119,
        7,
        12,
        130,
        12
      ],
      "nuv": [
        0.05223880597014925,
        0.08955223880597014,
        0.9701492537313433,
        0.08955223880597014,
        0.05223880597014925,
        0.8880597014925373,
        0.9701492537313433,
        0.8880597014925373
      ],
      "minPos": {
        "x": -61.5,
        "y": -53.5,
        "z": 0
      },
      "maxPos": {
        "x": 61.5,
        "y": 53.5,
        "z": 0
      }
    },
    "texture": "fde92b48-26f4-4ee1-b509-6096d6e68576@6c48a",
    "packable": true,
    "pixelsToUnit": 100,
    "pivot": {
      "x": 0.5,
      "y": 0.5
    },
    "meshType": 0
  }
}