{
  "__type__": "cc.SpriteFrame",
  "content": {
    "name": "ry_5",
    "atlas": "",
    "rect": {
      "x": 0,
      "y": 1,
      "width": 149,
      "height": 51
    },
    "offset": {
      "x": -1.5,
      "y": 0
    },
    "originalSize": {
      "width": 152,
      "height": 53
    },
    "rotated": false,
    "capInsets": [
      0,
      0,
      0,
      0
    ],
    "vertices": {
      "rawPosition": [
        -74.5,
        -25.5,
        0,
        74.5,
        -25.5,
        0,
        -74.5,
        25.5,
        0,
        74.5,
        25.5,
        0
      ],
      "indexes": [
        0,
        1,
        2,
        2,
        1,
        3
      ],
      "uv": [
        0,
        52,
        149,
        52,
        0,
        1,
        149,
        1
      ],
      "nuv": [
        0,
        0.018867924528301886,
        0.9802631578947368,
        0.018867924528301886,
        0,
        0.9811320754716981,
        0.9802631578947368,
        0.9811320754716981
      ],
      "minPos": {
        "x": -74.5,
        "y": -25.5,
        "z": 0
      },
      "maxPos": {
        "x": 74.5,
        "y": 25.5,
        "z": 0
      }
    },
    "texture": "1c13c801-6569-471e-a2bf-28a401f04237@6c48a",
    "packable": true,
    "pixelsToUnit": 100,
    "pivot": {
      "x": 0.5,
      "y": 0.5
    },
    "meshType": 0
  }
}