{
  "__type__": "cc.SpriteFrame",
  "content": {
    "name": "qdqbx",
    "atlas": "",
    "rect": {
      "x": 13,
      "y": 3,
      "width": 111,
      "height": 124
    },
    "offset": {
      "x": 1.5,
      "y": 2
    },
    "originalSize": {
      "width": 134,
      "height": 134
    },
    "rotated": false,
    "capInsets": [
      0,
      0,
      0,
      0
    ],
    "vertices": {
      "rawPosition": [
        -55.5,
        -62,
        0,
        55.5,
        -62,
        0,
        -55.5,
        62,
        0,
        55.5,
        62,
        0
      ],
      "indexes": [
        0,
        1,
        2,
        2,
        1,
        3
      ],
      "uv": [
        13,
        131,
        124,
        131,
        13,
        7,
        124,
        7
      ],
      "nuv": [
        0.09701492537313433,
        0.05223880597014925,
        0.9253731343283582,
        0.05223880597014925,
        0.09701492537313433,
        0.9776119402985075,
        0.9253731343283582,
        0.9776119402985075
      ],
      "minPos": {
        "x": -55.5,
        "y": -62,
        "z": 0
      },
      "maxPos": {
        "x": 55.5,
        "y": 62,
        "z": 0
      }
    },
    "texture": "1c2f288f-68cd-446e-b16b-9e0d8d98abc1@6c48a",
    "packable": true,
    "pixelsToUnit": 100,
    "pivot": {
      "x": 0.5,
      "y": 0.5
    },
    "meshType": 0
  }
}