{
  "__type__": "cc.SpriteFrame",
  "content": {
    "name": "haoyou3",
    "atlas": "",
    "rect": {
      "x": 20,
      "y": 7,
      "width": 100,
      "height": 121
    },
    "offset": {
      "x": 3,
      "y": -0.5
    },
    "originalSize": {
      "width": 134,
      "height": 134
    },
    "rotated": false,
    "capInsets": [
      0,
      0,
      0,
      0
    ],
    "vertices": {
      "rawPosition": [
        -50,
        -60.5,
        0,
        50,
        -60.5,
        0,
        -50,
        60.5,
        0,
        50,
        60.5,
        0
      ],
      "indexes": [
        0,
        1,
        2,
        2,
        1,
        3
      ],
      "uv": [
        20,
        127,
        120,
        127,
        20,
        6,
        120,
        6
      ],
      "nuv": [
        0.14925373134328357,
        0.04477611940298507,
        0.8955223880597015,
        0.04477611940298507,
        0.14925373134328357,
        0.9477611940298507,
        0.8955223880597015,
        0.9477611940298507
      ],
      "minPos": {
        "x": -50,
        "y": -60.5,
        "z": 0
      },
      "maxPos": {
        "x": 50,
        "y": 60.5,
        "z": 0
      }
    },
    "texture": "e483b079-3522-48dc-b1a8-b4a154ba4f67@6c48a",
    "packable": true,
    "pixelsToUnit": 100,
    "pivot": {
      "x": 0.5,
      "y": 0.5
    },
    "meshType": 0
  }
}