{
  "__type__": "cc.SpriteFrame",
  "content": {
    "name": "qt_1",
    "atlas": "",
    "rect": {
      "x": 4,
      "y": 1,
      "width": 148,
      "height": 50
    },
    "offset": {
      "x": 2,
      "y": 0.5
    },
    "originalSize": {
      "width": 152,
      "height": 53
    },
    "rotated": false,
    "capInsets": [
      0,
      0,
      0,
      0
    ],
    "vertices": {
      "rawPosition": [
        -74,
        -25,
        0,
        74,
        -25,
        0,
        -74,
        25,
        0,
        74,
        25,
        0
      ],
      "indexes": [
        0,
        1,
        2,
        2,
        1,
        3
      ],
      "uv": [
        4,
        52,
        152,
        52,
        4,
        2,
        152,
        2
      ],
      "nuv": [
        0.02631578947368421,
        0.03773584905660377,
        1,
        0.03773584905660377,
        0.02631578947368421,
        0.9811320754716981,
        1,
        0.9811320754716981
      ],
      "minPos": {
        "x": -74,
        "y": -25,
        "z": 0
      },
      "maxPos": {
        "x": 74,
        "y": 25,
        "z": 0
      }
    },
    "texture": "18954a86-dc57-4a39-aefa-41ceec144acb@6c48a",
    "packable": true,
    "pixelsToUnit": 100,
    "pivot": {
      "x": 0.5,
      "y": 0.5
    },
    "meshType": 0
  }
}