{
  "__type__": "cc.SpriteFrame",
  "content": {
    "name": "祖巫祭坛",
    "atlas": "",
    "rect": {
      "x": 0,
      "y": 8,
      "width": 60,
      "height": 44
    },
    "offset": {
      "x": 0,
      "y": 0
    },
    "originalSize": {
      "width": 60,
      "height": 60
    },
    "rotated": false,
    "capInsets": [
      0,
      0,
      0,
      0
    ],
    "vertices": {
      "rawPosition": [
        -30,
        -22,
        0,
        30,
        -22,
        0,
        -30,
        22,
        0,
        30,
        22,
        0
      ],
      "indexes": [
        0,
        1,
        2,
        2,
        1,
        3
      ],
      "uv": [
        0,
        52,
        60,
        52,
        0,
        8,
        60,
        8
      ],
      "nuv": [
        0,
        0.13333333333333333,
        1,
        0.13333333333333333,
        0,
        0.8666666666666667,
        1,
        0.8666666666666667
      ],
      "minPos": {
        "x": -30,
        "y": -22,
        "z": 0
      },
      "maxPos": {
        "x": 30,
        "y": 22,
        "z": 0
      }
    },
    "texture": "d4e76917-06a3-4822-ab38-8ef9b87bdb97@6c48a",
    "packable": true,
    "pixelsToUnit": 100,
    "pivot": {
      "x": 0.5,
      "y": 0.5
    },
    "meshType": 0
  }
}