{
  "__type__": "cc.SpriteFrame",
  "content": {
    "name": "chk01",
    "atlas": "",
    "rect": {
      "x": 8,
      "y": 0,
      "width": 119,
      "height": 134
    },
    "offset": {
      "x": 0.5,
      "y": 0
    },
    "originalSize": {
      "width": 134,
      "height": 134
    },
    "rotated": false,
    "capInsets": [
      0,
      0,
      0,
      0
    ],
    "vertices": {
      "rawPosition": [
        -59.5,
        -67,
        0,
        59.5,
        -67,
        0,
        -59.5,
        67,
        0,
        59.5,
        67,
        0
      ],
      "indexes": [
        0,
        1,
        2,
        2,
        1,
        3
      ],
      "uv": [
        8,
        134,
        127,
        134,
        8,
        0,
        127,
        0
      ],
      "nuv": [
        0.05970149253731343,
        0,
        0.9477611940298507,
        0,
        0.05970149253731343,
        1,
        0.9477611940298507,
        1
      ],
      "minPos": {
        "x": -59.5,
        "y": -67,
        "z": 0
      },
      "maxPos": {
        "x": 59.5,
        "y": 67,
        "z": 0
      }
    },
    "texture": "210c21be-0285-4564-9344-a8fc95d5b179@6c48a",
    "packable": true,
    "pixelsToUnit": 100,
    "pivot": {
      "x": 0.5,
      "y": 0.5
    },
    "meshType": 0
  }
}