{
  "__type__": "cc.SpriteFrame",
  "content": {
    "name": "zs_1",
    "atlas": "",
    "rect": {
      "x": 3,
      "y": 0,
      "width": 149,
      "height": 50
    },
    "offset": {
      "x": 1.5,
      "y": 1.5
    },
    "originalSize": {
      "width": 152,
      "height": 53
    },
    "rotated": false,
    "capInsets": [
      0,
      0,
      0,
      0
    ],
    "vertices": {
      "rawPosition": [
        -74.5,
        -25,
        0,
        74.5,
        -25,
        0,
        -74.5,
        25,
        0,
        74.5,
        25,
        0
      ],
      "indexes": [
        0,
        1,
        2,
        2,
        1,
        3
      ],
      "uv": [
        3,
        53,
        152,
        53,
        3,
        3,
        152,
        3
      ],
      "nuv": [
        0.019736842105263157,
        0.05660377358490566,
        1,
        0.05660377358490566,
        0.019736842105263157,
        1,
        1,
        1
      ],
      "minPos": {
        "x": -74.5,
        "y": -25,
        "z": 0
      },
      "maxPos": {
        "x": 74.5,
        "y": 25,
        "z": 0
      }
    },
    "texture": "00e23e76-a46e-4aea-be05-6a98b210d8a0@6c48a",
    "packable": true,
    "pixelsToUnit": 100,
    "pivot": {
      "x": 0.5,
      "y": 0.5
    },
    "meshType": 0
  }
}