{
  "__type__": "cc.SpriteFrame",
  "content": {
    "name": "rightsBuyBg",
    "atlas": "",
    "rect": {
      "x": 0,
      "y": 77,
      "width": 1302,
      "height": 609
    },
    "offset": {
      "x": 0,
      "y": -38.5
    },
    "originalSize": {
      "width": 1302,
      "height": 686
    },
    "rotated": false,
    "capInsets": [
      0,
      0,
      0,
      0
    ],
    "vertices": {
      "rawPosition": [
        -651,
        -304.5,
        0,
        651,
        -304.5,
        0,
        -651,
        304.5,
        0,
        651,
        304.5,
        0
      ],
      "indexes": [
        0,
        1,
        2,
        2,
        1,
        3
      ],
      "uv": [
        0,
        609,
        1302,
        609,
        0,
        0,
        1302,
        0
      ],
      "nuv": [
        0,
        0,
        1,
        0,
        0,
        0.8877551020408163,
        1,
        0.8877551020408163
      ],
      "minPos": {
        "x": -651,
        "y": -304.5,
        "z": 0
      },
      "maxPos": {
        "x": 651,
        "y": 304.5,
        "z": 0
      }
    },
    "texture": "5db968a4-8d4f-4247-a4f8-a79fc32fd32d@6c48a",
    "packable": true,
    "pixelsToUnit": 100,
    "pivot": {
      "x": 0.5,
      "y": 0.5
    },
    "meshType": 0
  }
}