{
  "__type__": "cc.SpriteFrame",
  "content": {
    "name": "0038",
    "atlas": "",
    "rect": {
      "x": 17,
      "y": 8,
      "width": 118,
      "height": 134
    },
    "offset": {
      "x": -1,
      "y": 2
    },
    "originalSize": {
      "width": 154,
      "height": 154
    },
    "rotated": false,
    "capInsets": [
      0,
      0,
      0,
      0
    ],
    "vertices": {
      "rawPosition": [
        -59,
        -67,
        0,
        59,
        -67,
        0,
        -59,
        67,
        0,
        59,
        67,
        0
      ],
      "indexes": [
        0,
        1,
        2,
        2,
        1,
        3
      ],
      "uv": [
        17,
        146,
        135,
        146,
        17,
        12,
        135,
        12
      ],
      "nuv": [
        0.11038961038961038,
        0.07792207792207792,
        0.8766233766233766,
        0.07792207792207792,
        0.11038961038961038,
        0.948051948051948,
        0.8766233766233766,
        0.948051948051948
      ],
      "minPos": {
        "x": -59,
        "y": -67,
        "z": 0
      },
      "maxPos": {
        "x": 59,
        "y": 67,
        "z": 0
      }
    },
    "texture": "311de6f6-32ca-4bf4-8b1c-9425b55c3d04@6c48a",
    "packable": true,
    "pixelsToUnit": 100,
    "pivot": {
      "x": 0.5,
      "y": 0.5
    },
    "meshType": 0
  }
}