{
  "__type__": "cc.SpriteFrame",
  "content": {
    "name": "xyhlb",
    "atlas": "",
    "rect": {
      "x": 10,
      "y": 8,
      "width": 117,
      "height": 125
    },
    "offset": {
      "x": 1.5,
      "y": -3.5
    },
    "originalSize": {
      "width": 134,
      "height": 134
    },
    "rotated": false,
    "capInsets": [
      0,
      0,
      0,
      0
    ],
    "vertices": {
      "rawPosition": [
        -58.5,
        -62.5,
        0,
        58.5,
        -62.5,
        0,
        -58.5,
        62.5,
        0,
        58.5,
        62.5,
        0
      ],
      "indexes": [
        0,
        1,
        2,
        2,
        1,
        3
      ],
      "uv": [
        10,
        126,
        127,
        126,
        10,
        1,
        127,
        1
      ],
      "nuv": [
        0.07462686567164178,
        0.007462686567164179,
        0.9477611940298507,
        0.007462686567164179,
        0.07462686567164178,
        0.9402985074626866,
        0.9477611940298507,
        0.9402985074626866
      ],
      "minPos": {
        "x": -58.5,
        "y": -62.5,
        "z": 0
      },
      "maxPos": {
        "x": 58.5,
        "y": 62.5,
        "z": 0
      }
    },
    "texture": "3167f02f-69ce-4583-b7e8-12847b6f308e@6c48a",
    "packable": true,
    "pixelsToUnit": 100,
    "pivot": {
      "x": 0.5,
      "y": 0.5
    },
    "meshType": 0
  }
}