{
  "__type__": "cc.SpriteFrame",
  "content": {
    "name": "阎罗殿",
    "atlas": "",
    "rect": {
      "x": 0,
      "y": 2,
      "width": 60,
      "height": 56
    },
    "offset": {
      "x": 0,
      "y": 0
    },
    "originalSize": {
      "width": 60,
      "height": 60
    },
    "rotated": false,
    "capInsets": [
      0,
      0,
      0,
      0
    ],
    "vertices": {
      "rawPosition": [
        -30,
        -28,
        0,
        30,
        -28,
        0,
        -30,
        28,
        0,
        30,
        28,
        0
      ],
      "indexes": [
        0,
        1,
        2,
        2,
        1,
        3
      ],
      "uv": [
        0,
        58,
        60,
        58,
        0,
        2,
        60,
        2
      ],
      "nuv": [
        0,
        0.03333333333333333,
        1,
        0.03333333333333333,
        0,
        0.9666666666666667,
        1,
        0.9666666666666667
      ],
      "minPos": {
        "x": -30,
        "y": -28,
        "z": 0
      },
      "maxPos": {
        "x": 30,
        "y": 28,
        "z": 0
      }
    },
    "texture": "763c66de-3b36-452d-a8d7-e03710d759af@6c48a",
    "packable": true,
    "pixelsToUnit": 100,
    "pivot": {
      "x": 0.5,
      "y": 0.5
    },
    "meshType": 0
  }
}