{
  "__type__": "cc.SpriteFrame",
  "content": {
    "name": "3_hc",
    "atlas": "",
    "rect": {
      "x": 7,
      "y": 0,
      "width": 96,
      "height": 113
    },
    "offset": {
      "x": 3.5,
      "y": 0
    },
    "originalSize": {
      "width": 103,
      "height": 113
    },
    "rotated": false,
    "capInsets": [
      0,
      0,
      0,
      0
    ],
    "vertices": {
      "rawPosition": [
        -48,
        -56.5,
        0,
        48,
        -56.5,
        0,
        -48,
        56.5,
        0,
        48,
        56.5,
        0
      ],
      "indexes": [
        0,
        1,
        2,
        2,
        1,
        3
      ],
      "uv": [
        7,
        113,
        103,
        113,
        7,
        0,
        103,
        0
      ],
      "nuv": [
        0.06796116504854369,
        0,
        1,
        0,
        0.06796116504854369,
        1,
        1,
        1
      ],
      "minPos": {
        "x": -48,
        "y": -56.5,
        "z": 0
      },
      "maxPos": {
        "x": 48,
        "y": 56.5,
        "z": 0
      }
    },
    "texture": "81795b64-36de-46ec-8f16-834f86fa675c@6c48a",
    "packable": true,
    "pixelsToUnit": 100,
    "pivot": {
      "x": 0.5,
      "y": 0.5
    },
    "meshType": 0
  }
}