{
  "__type__": "cc.SpriteFrame",
  "content": {
    "name": "框03",
    "atlas": "",
    "rect": {
      "x": 0,
      "y": 6,
      "width": 219,
      "height": 198
    },
    "offset": {
      "x": -0.5,
      "y": 0
    },
    "originalSize": {
      "width": 220,
      "height": 210
    },
    "rotated": false,
    "capInsets": [
      0,
      0,
      0,
      0
    ],
    "vertices": {
      "rawPosition": [
        -109.5,
        -99,
        0,
        109.5,
        -99,
        0,
        -109.5,
        99,
        0,
        109.5,
        99,
        0
      ],
      "indexes": [
        0,
        1,
        2,
        2,
        1,
        3
      ],
      "uv": [
        0,
        204,
        219,
        204,
        0,
        6,
        219,
        6
      ],
      "nuv": [
        0,
        0.02857142857142857,
        0.9954545454545455,
        0.02857142857142857,
        0,
        0.9714285714285714,
        0.9954545454545455,
        0.9714285714285714
      ],
      "minPos": {
        "x": -109.5,
        "y": -99,
        "z": 0
      },
      "maxPos": {
        "x": 109.5,
        "y": 99,
        "z": 0
      }
    },
    "texture": "032694d6-b84a-4f37-85fa-5238fb3492c3@6c48a",
    "packable": true,
    "pixelsToUnit": 100,
    "pivot": {
      "x": 0.5,
      "y": 0.5
    },
    "meshType": 0
  }
}