{
  "__type__": "cc.SpriteFrame",
  "content": {
    "name": "area_icon_0010",
    "atlas": "",
    "rect": {
      "x": 0,
      "y": 10,
      "width": 60,
      "height": 40
    },
    "offset": {
      "x": 0,
      "y": 0
    },
    "originalSize": {
      "width": 60,
      "height": 60
    },
    "rotated": false,
    "capInsets": [
      0,
      0,
      0,
      0
    ],
    "vertices": {
      "rawPosition": [
        -30,
        -20,
        0,
        30,
        -20,
        0,
        -30,
        20,
        0,
        30,
        20,
        0
      ],
      "indexes": [
        0,
        1,
        2,
        2,
        1,
        3
      ],
      "uv": [
        0,
        50,
        60,
        50,
        0,
        10,
        60,
        10
      ],
      "nuv": [
        0,
        0.16666666666666666,
        1,
        0.16666666666666666,
        0,
        0.8333333333333334,
        1,
        0.8333333333333334
      ],
      "minPos": {
        "x": -30,
        "y": -20,
        "z": 0
      },
      "maxPos": {
        "x": 30,
        "y": 20,
        "z": 0
      }
    },
    "texture": "037ab65e-23d4-4bef-9610-47e7b8e6ad49@6c48a",
    "packable": true,
    "pixelsToUnit": 100,
    "pivot": {
      "x": 0.5,
      "y": 0.5
    },
    "meshType": 0
  }
}