{
  "__type__": "cc.SpriteFrame",
  "content": {
    "name": "area_icon_0013",
    "atlas": "",
    "rect": {
      "x": 0,
      "y": 4,
      "width": 60,
      "height": 52
    },
    "offset": {
      "x": 0,
      "y": 0
    },
    "originalSize": {
      "width": 60,
      "height": 60
    },
    "rotated": false,
    "capInsets": [
      0,
      0,
      0,
      0
    ],
    "vertices": {
      "rawPosition": [
        -30,
        -26,
        0,
        30,
        -26,
        0,
        -30,
        26,
        0,
        30,
        26,
        0
      ],
      "indexes": [
        0,
        1,
        2,
        2,
        1,
        3
      ],
      "uv": [
        0,
        56,
        60,
        56,
        0,
        4,
        60,
        4
      ],
      "nuv": [
        0,
        0.06666666666666667,
        1,
        0.06666666666666667,
        0,
        0.9333333333333333,
        1,
        0.9333333333333333
      ],
      "minPos": {
        "x": -30,
        "y": -26,
        "z": 0
      },
      "maxPos": {
        "x": 30,
        "y": 26,
        "z": 0
      }
    },
    "texture": "16e9cf78-ae97-4ba6-a67c-232d9870c9ba@6c48a",
    "packable": true,
    "pixelsToUnit": 100,
    "pivot": {
      "x": 0.5,
      "y": 0.5
    },
    "meshType": 0
  }
}