{
  "__type__": "cc.SpriteFrame",
  "content": {
    "name": "0012",
    "atlas": "",
    "rect": {
      "x": 19,
      "y": 11,
      "width": 116,
      "height": 131
    },
    "offset": {
      "x": 0,
      "y": 0.5
    },
    "originalSize": {
      "width": 154,
      "height": 154
    },
    "rotated": false,
    "capInsets": [
      0,
      0,
      0,
      0
    ],
    "vertices": {
      "rawPosition": [
        -58,
        -65.5,
        0,
        58,
        -65.5,
        0,
        -58,
        65.5,
        0,
        58,
        65.5,
        0
      ],
      "indexes": [
        0,
        1,
        2,
        2,
        1,
        3
      ],
      "uv": [
        19,
        143,
        135,
        143,
        19,
        12,
        135,
        12
      ],
      "nuv": [
        0.12337662337662338,
        0.07792207792207792,
        0.8766233766233766,
        0.07792207792207792,
        0.12337662337662338,
        0.9285714285714286,
        0.8766233766233766,
        0.9285714285714286
      ],
      "minPos": {
        "x": -58,
        "y": -65.5,
        "z": 0
      },
      "maxPos": {
        "x": 58,
        "y": 65.5,
        "z": 0
      }
    },
    "texture": "2f82c42b-554f-47c2-a338-0052045d0165@6c48a",
    "packable": true,
    "pixelsToUnit": 100,
    "pivot": {
      "x": 0.5,
      "y": 0.5
    },
    "meshType": 0
  }
}