{
  "__type__": "cc.SpriteFrame",
  "content": {
    "name": "9",
    "atlas": "",
    "rect": {
      "x": 0,
      "y": 10,
      "width": 103,
      "height": 103
    },
    "offset": {
      "x": 0,
      "y": -5
    },
    "originalSize": {
      "width": 103,
      "height": 113
    },
    "rotated": false,
    "capInsets": [
      0,
      0,
      0,
      0
    ],
    "vertices": {
      "rawPosition": [
        -51.5,
        -51.5,
        0,
        51.5,
        -51.5,
        0,
        -51.5,
        51.5,
        0,
        51.5,
        51.5,
        0
      ],
      "indexes": [
        0,
        1,
        2,
        2,
        1,
        3
      ],
      "uv": [
        0,
        103,
        103,
        103,
        0,
        0,
        103,
        0
      ],
      "nuv": [
        0,
        0,
        1,
        0,
        0,
        0.911504424778761,
        1,
        0.911504424778761
      ],
      "minPos": {
        "x": -51.5,
        "y": -51.5,
        "z": 0
      },
      "maxPos": {
        "x": 51.5,
        "y": 51.5,
        "z": 0
      }
    },
    "texture": "2fa18d98-5d4d-4bc5-b349-1e6feae81311@6c48a",
    "packable": true,
    "pixelsToUnit": 100,
    "pivot": {
      "x": 0.5,
      "y": 0.5
    },
    "meshType": 0
  }
}