{
  "__type__": "cc.SpriteFrame",
  "content": {
    "name": "shengshui",
    "atlas": "",
    "rect": {
      "x": 16,
      "y": 12,
      "width": 106,
      "height": 116
    },
    "offset": {
      "x": 2,
      "y": -3
    },
    "originalSize": {
      "width": 134,
      "height": 134
    },
    "rotated": false,
    "capInsets": [
      0,
      0,
      0,
      0
    ],
    "vertices": {
      "rawPosition": [
        -53,
        -58,
        0,
        53,
        -58,
        0,
        -53,
        58,
        0,
        53,
        58,
        0
      ],
      "indexes": [
        0,
        1,
        2,
        2,
        1,
        3
      ],
      "uv": [
        16,
        122,
        122,
        122,
        16,
        6,
        122,
        6
      ],
      "nuv": [
        0.11940298507462686,
        0.04477611940298507,
        0.9104477611940298,
        0.04477611940298507,
        0.11940298507462686,
        0.9104477611940298,
        0.9104477611940298,
        0.9104477611940298
      ],
      "minPos": {
        "x": -53,
        "y": -58,
        "z": 0
      },
      "maxPos": {
        "x": 53,
        "y": 58,
        "z": 0
      }
    },
    "texture": "2fd3bd9f-e163-4c0b-ba62-9cc640116f75@6c48a",
    "packable": true,
    "pixelsToUnit": 100,
    "pivot": {
      "x": 0.5,
      "y": 0.5
    },
    "meshType": 0
  }
}