{
  "__type__": "cc.SpriteFrame",
  "content": {
    "name": "08_hc",
    "atlas": "",
    "rect": {
      "x": 1,
      "y": 0,
      "width": 227,
      "height": 229
    },
    "offset": {
      "x": 0.5,
      "y": 0
    },
    "originalSize": {
      "width": 228,
      "height": 229
    },
    "rotated": false,
    "capInsets": [
      0,
      0,
      0,
      0
    ],
    "vertices": {
      "rawPosition": [
        -113.5,
        -114.5,
        0,
        113.5,
        -114.5,
        0,
        -113.5,
        114.5,
        0,
        113.5,
        114.5,
        0
      ],
      "indexes": [
        0,
        1,
        2,
        2,
        1,
        3
      ],
      "uv": [
        1,
        229,
        228,
        229,
        1,
        0,
        228,
        0
      ],
      "nuv": [
        0.0043859649122807015,
        0,
        1,
        0,
        0.0043859649122807015,
        1,
        1,
        1
      ],
      "minPos": {
        "x": -113.5,
        "y": -114.5,
        "z": 0
      },
      "maxPos": {
        "x": 113.5,
        "y": 114.5,
        "z": 0
      }
    },
    "texture": "891971b6-3411-4494-b3cc-ebca4ef74df0@6c48a",
    "packable": true,
    "pixelsToUnit": 100,
    "pivot": {
      "x": 0.5,
      "y": 0.5
    },
    "meshType": 0
  }
}