{
  "__type__": "cc.SpriteFrame",
  "content": {
    "name": "框04",
    "atlas": "",
    "rect": {
      "x": 4,
      "y": 11,
      "width": 216,
      "height": 198
    },
    "offset": {
      "x": 2,
      "y": -5
    },
    "originalSize": {
      "width": 220,
      "height": 210
    },
    "rotated": false,
    "capInsets": [
      0,
      0,
      0,
      0
    ],
    "vertices": {
      "rawPosition": [
        -108,
        -99,
        0,
        108,
        -99,
        0,
        -108,
        99,
        0,
        108,
        99,
        0
      ],
      "indexes": [
        0,
        1,
        2,
        2,
        1,
        3
      ],
      "uv": [
        4,
        199,
        220,
        199,
        4,
        1,
        220,
        1
      ],
      "nuv": [
        0.01818181818181818,
        0.004761904761904762,
        1,
        0.004761904761904762,
        0.01818181818181818,
        0.9476190476190476,
        1,
        0.9476190476190476
      ],
      "minPos": {
        "x": -108,
        "y": -99,
        "z": 0
      },
      "maxPos": {
        "x": 108,
        "y": 99,
        "z": 0
      }
    },
    "texture": "893c744e-e999-498b-a255-16b12642cad5@6c48a",
    "packable": true,
    "pixelsToUnit": 100,
    "pivot": {
      "x": 0.5,
      "y": 0.5
    },
    "meshType": 0
  }
}