{
  "__type__": "cc.SpriteFrame",
  "content": {
    "name": "鱼票",
    "atlas": "",
    "rect": {
      "x": 12,
      "y": 4,
      "width": 110,
      "height": 126
    },
    "offset": {
      "x": 0,
      "y": 0
    },
    "originalSize": {
      "width": 134,
      "height": 134
    },
    "rotated": false,
    "capInsets": [
      0,
      0,
      0,
      0
    ],
    "vertices": {
      "rawPosition": [
        -55,
        -63,
        0,
        55,
        -63,
        0,
        -55,
        63,
        0,
        55,
        63,
        0
      ],
      "indexes": [
        0,
        1,
        2,
        2,
        1,
        3
      ],
      "uv": [
        12,
        130,
        122,
        130,
        12,
        4,
        122,
        4
      ],
      "nuv": [
        0.08955223880597014,
        0.029850746268656716,
        0.9104477611940298,
        0.029850746268656716,
        0.08955223880597014,
        0.9701492537313433,
        0.9104477611940298,
        0.9701492537313433
      ],
      "minPos": {
        "x": -55,
        "y": -63,
        "z": 0
      },
      "maxPos": {
        "x": 55,
        "y": 63,
        "z": 0
      }
    },
    "texture": "899437de-dfaa-4f40-9a97-c6cb6cf10639@6c48a",
    "packable": true,
    "pixelsToUnit": 100,
    "pivot": {
      "x": 0.5,
      "y": 0.5
    },
    "meshType": 0
  }
}