{
  "__type__": "cc.SpriteFrame",
  "content": {
    "name": "card_2",
    "atlas": "",
    "rect": {
      "x": 11,
      "y": 3,
      "width": 161,
      "height": 474
    },
    "offset": {
      "x": -2,
      "y": 0
    },
    "originalSize": {
      "width": 187,
      "height": 480
    },
    "rotated": false,
    "capInsets": [
      0,
      0,
      0,
      0
    ],
    "vertices": {
      "rawPosition": [
        -80.5,
        -237,
        0,
        80.5,
        -237,
        0,
        -80.5,
        237,
        0,
        80.5,
        237,
        0
      ],
      "indexes": [
        0,
        1,
        2,
        2,
        1,
        3
      ],
      "uv": [
        11,
        477,
        172,
        477,
        11,
        3,
        172,
        3
      ],
      "nuv": [
        0.058823529411764705,
        0.00625,
        0.9197860962566845,
        0.00625,
        0.058823529411764705,
        0.99375,
        0.9197860962566845,
        0.99375
      ],
      "minPos": {
        "x": -80.5,
        "y": -237,
        "z": 0
      },
      "maxPos": {
        "x": 80.5,
        "y": 237,
        "z": 0
      }
    },
    "texture": "c87e719a-a58f-463f-abb8-7a216b203e4f@6c48a",
    "packable": true,
    "pixelsToUnit": 100,
    "pivot": {
      "x": 0.5,
      "y": 0.5
    },
    "meshType": 0
  }
}