{
  "__type__": "cc.SpriteFrame",
  "content": {
    "name": "by_4",
    "atlas": "",
    "rect": {
      "x": 4,
      "y": 2,
      "width": 147,
      "height": 49
    },
    "offset": {
      "x": 1.5,
      "y": 0
    },
    "originalSize": {
      "width": 152,
      "height": 53
    },
    "rotated": false,
    "capInsets": [
      0,
      0,
      0,
      0
    ],
    "vertices": {
      "rawPosition": [
        -73.5,
        -24.5,
        0,
        73.5,
        -24.5,
        0,
        -73.5,
        24.5,
        0,
        73.5,
        24.5,
        0
      ],
      "indexes": [
        0,
        1,
        2,
        2,
        1,
        3
      ],
      "uv": [
        4,
        51,
        151,
        51,
        4,
        2,
        151,
        2
      ],
      "nuv": [
        0.02631578947368421,
        0.03773584905660377,
        0.993421052631579,
        0.03773584905660377,
        0.02631578947368421,
        0.9622641509433962,
        0.993421052631579,
        0.9622641509433962
      ],
      "minPos": {
        "x": -73.5,
        "y": -24.5,
        "z": 0
      },
      "maxPos": {
        "x": 73.5,
        "y": 24.5,
        "z": 0
      }
    },
    "texture": "c8faf738-bb61-42db-af7d-aa5123b293ba@6c48a",
    "packable": true,
    "pixelsToUnit": 100,
    "pivot": {
      "x": 0.5,
      "y": 0.5
    },
    "meshType": 0
  }
}