{
  "__type__": "cc.SpriteFrame",
  "content": {
    "name": "zs_3",
    "atlas": "",
    "rect": {
      "x": 3,
      "y": 0,
      "width": 148,
      "height": 50
    },
    "offset": {
      "x": 1,
      "y": 1.5
    },
    "originalSize": {
      "width": 152,
      "height": 53
    },
    "rotated": false,
    "capInsets": [
      0,
      0,
      0,
      0
    ],
    "vertices": {
      "rawPosition": [
        -74,
        -25,
        0,
        74,
        -25,
        0,
        -74,
        25,
        0,
        74,
        25,
        0
      ],
      "indexes": [
        0,
        1,
        2,
        2,
        1,
        3
      ],
      "uv": [
        3,
        53,
        151,
        53,
        3,
        3,
        151,
        3
      ],
      "nuv": [
        0.019736842105263157,
        0.05660377358490566,
        0.993421052631579,
        0.05660377358490566,
        0.019736842105263157,
        1,
        0.993421052631579,
        1
      ],
      "minPos": {
        "x": -74,
        "y": -25,
        "z": 0
      },
      "maxPos": {
        "x": 74,
        "y": 25,
        "z": 0
      }
    },
    "texture": "bbd5dac4-e9a1-444f-a314-34c27f536d45@6c48a",
    "packable": true,
    "pixelsToUnit": 100,
    "pivot": {
      "x": 0.5,
      "y": 0.5
    },
    "meshType": 0
  }
}