{
  "__type__": "cc.SpriteFrame",
  "content": {
    "name": "7",
    "atlas": "",
    "rect": {
      "x": 0,
      "y": 0,
      "width": 33,
      "height": 41
    },
    "offset": {
      "x": 0,
      "y": 0.5
    },
    "originalSize": {
      "width": 33,
      "height": 42
    },
    "rotated": false,
    "capInsets": [
      0,
      0,
      0,
      0
    ],
    "vertices": {
      "rawPosition": [
        -16.5,
        -20.5,
        0,
        16.5,
        -20.5,
        0,
        -16.5,
        20.5,
        0,
        16.5,
        20.5,
        0
      ],
      "indexes": [
        0,
        1,
        2,
        2,
        1,
        3
      ],
      "uv": [
        0,
        42,
        33,
        42,
        0,
        1,
        33,
        1
      ],
      "nuv": [
        0,
        0.023809523809523808,
        1,
        0.023809523809523808,
        0,
        1,
        1,
        1
      ],
      "minPos": {
        "x": -16.5,
        "y": -20.5,
        "z": 0
      },
      "maxPos": {
        "x": 16.5,
        "y": 20.5,
        "z": 0
      }
    },
    "texture": "1d2fdade-557b-4f32-844c-2f23979b139e@6c48a",
    "packable": true,
    "pixelsToUnit": 100,
    "pivot": {
      "x": 0.5,
      "y": 0.5
    },
    "meshType": 0
  }
}