{
  "__type__": "cc.SpriteFrame",
  "content": {
    "name": "13_hc",
    "atlas": "",
    "rect": {
      "x": 30,
      "y": 16,
      "width": 171,
      "height": 213
    },
    "offset": {
      "x": 1.5,
      "y": -8
    },
    "originalSize": {
      "width": 228,
      "height": 229
    },
    "rotated": false,
    "capInsets": [
      0,
      0,
      0,
      0
    ],
    "vertices": {
      "rawPosition": [
        -85.5,
        -106.5,
        0,
        85.5,
        -106.5,
        0,
        -85.5,
        106.5,
        0,
        85.5,
        106.5,
        0
      ],
      "indexes": [
        0,
        1,
        2,
        2,
        1,
        3
      ],
      "uv": [
        30,
        213,
        201,
        213,
        30,
        0,
        201,
        0
      ],
      "nuv": [
        0.13157894736842105,
        0,
        0.881578947368421,
        0,
        0.13157894736842105,
        0.9301310043668122,
        0.881578947368421,
        0.9301310043668122
      ],
      "minPos": {
        "x": -85.5,
        "y": -106.5,
        "z": 0
      },
      "maxPos": {
        "x": 85.5,
        "y": 106.5,
        "z": 0
      }
    },
    "texture": "1d7f5216-d2ef-48eb-9d4f-bb44b2bac159@6c48a",
    "packable": true,
    "pixelsToUnit": 100,
    "pivot": {
      "x": 0.5,
      "y": 0.5
    },
    "meshType": 0
  }
}