{
  "__type__": "cc.SpriteFrame",
  "content": {
    "name": "11",
    "atlas": "",
    "rect": {
      "x": 8,
      "y": 0,
      "width": 91,
      "height": 113
    },
    "offset": {
      "x": 2,
      "y": 0
    },
    "originalSize": {
      "width": 103,
      "height": 113
    },
    "rotated": false,
    "capInsets": [
      0,
      0,
      0,
      0
    ],
    "vertices": {
      "rawPosition": [
        -45.5,
        -56.5,
        0,
        45.5,
        -56.5,
        0,
        -45.5,
        56.5,
        0,
        45.5,
        56.5,
        0
      ],
      "indexes": [
        0,
        1,
        2,
        2,
        1,
        3
      ],
      "uv": [
        8,
        113,
        99,
        113,
        8,
        0,
        99,
        0
      ],
      "nuv": [
        0.07766990291262135,
        0,
        0.9611650485436893,
        0,
        0.07766990291262135,
        1,
        0.9611650485436893,
        1
      ],
      "minPos": {
        "x": -45.5,
        "y": -56.5,
        "z": 0
      },
      "maxPos": {
        "x": 45.5,
        "y": 56.5,
        "z": 0
      }
    },
    "texture": "33091fc6-9d17-40ec-aa86-03b956930391@6c48a",
    "packable": true,
    "pixelsToUnit": 100,
    "pivot": {
      "x": 0.5,
      "y": 0.5
    },
    "meshType": 0
  }
}