{
  "__type__": "cc.SpriteFrame",
  "content": {
    "name": "收藏等级按钮",
    "atlas": "",
    "rect": {
      "x": 30,
      "y": 2,
      "width": 164,
      "height": 48
    },
    "offset": {
      "x": 0,
      "y": 0
    },
    "originalSize": {
      "width": 224,
      "height": 52
    },
    "rotated": false,
    "capInsets": [
      0,
      0,
      0,
      0
    ],
    "vertices": {
      "rawPosition": [
        -82,
        -24,
        0,
        82,
        -24,
        0,
        -82,
        24,
        0,
        82,
        24,
        0
      ],
      "indexes": [
        0,
        1,
        2,
        2,
        1,
        3
      ],
      "uv": [
        30,
        50,
        194,
        50,
        30,
        2,
        194,
        2
      ],
      "nuv": [
        0.13392857142857142,
        0.038461538461538464,
        0.8660714285714286,
        0.038461538461538464,
        0.13392857142857142,
        0.9615384615384616,
        0.8660714285714286,
        0.9615384615384616
      ],
      "minPos": {
        "x": -82,
        "y": -24,
        "z": 0
      },
      "maxPos": {
        "x": 82,
        "y": 24,
        "z": 0
      }
    },
    "texture": "b044b485-3813-46e3-b5e2-a5076d42e2f8@6c48a",
    "packable": true,
    "pixelsToUnit": 100,
    "pivot": {
      "x": 0.5,
      "y": 0.5
    },
    "meshType": 0
  }
}