{
  "__type__": "cc.SpriteFrame",
  "content": {
    "name": "shuipian3",
    "atlas": "",
    "rect": {
      "x": 10,
      "y": 15,
      "width": 114,
      "height": 112
    },
    "offset": {
      "x": 0,
      "y": -4
    },
    "originalSize": {
      "width": 134,
      "height": 134
    },
    "rotated": false,
    "capInsets": [
      0,
      0,
      0,
      0
    ],
    "vertices": {
      "rawPosition": [
        -57,
        -56,
        0,
        57,
        -56,
        0,
        -57,
        56,
        0,
        57,
        56,
        0
      ],
      "indexes": [
        0,
        1,
        2,
        2,
        1,
        3
      ],
      "uv": [
        10,
        119,
        124,
        119,
        10,
        7,
        124,
        7
      ],
      "nuv": [
        0.07462686567164178,
        0.05223880597014925,
        0.9253731343283582,
        0.05223880597014925,
        0.07462686567164178,
        0.8880597014925373,
        0.9253731343283582,
        0.8880597014925373
      ],
      "minPos": {
        "x": -57,
        "y": -56,
        "z": 0
      },
      "maxPos": {
        "x": 57,
        "y": 56,
        "z": 0
      }
    },
    "texture": "b0f2c919-e796-456e-b1bc-20e196826395@6c48a",
    "packable": true,
    "pixelsToUnit": 100,
    "pivot": {
      "x": 0.5,
      "y": 0.5
    },
    "meshType": 0
  }
}