{
  "__type__": "cc.SpriteFrame",
  "content": {
    "name": "0035",
    "atlas": "",
    "rect": {
      "x": 19,
      "y": 12,
      "width": 116,
      "height": 130
    },
    "offset": {
      "x": 0,
      "y": 0
    },
    "originalSize": {
      "width": 154,
      "height": 154
    },
    "rotated": false,
    "capInsets": [
      0,
      0,
      0,
      0
    ],
    "vertices": {
      "rawPosition": [
        -58,
        -65,
        0,
        58,
        -65,
        0,
        -58,
        65,
        0,
        58,
        65,
        0
      ],
      "indexes": [
        0,
        1,
        2,
        2,
        1,
        3
      ],
      "uv": [
        19,
        142,
        135,
        142,
        19,
        12,
        135,
        12
      ],
      "nuv": [
        0.12337662337662338,
        0.07792207792207792,
        0.8766233766233766,
        0.07792207792207792,
        0.12337662337662338,
        0.922077922077922,
        0.8766233766233766,
        0.922077922077922
      ],
      "minPos": {
        "x": -58,
        "y": -65,
        "z": 0
      },
      "maxPos": {
        "x": 58,
        "y": 65,
        "z": 0
      }
    },
    "texture": "d6d24e23-b20a-4999-988c-7898c18cf4a9@6c48a",
    "packable": true,
    "pixelsToUnit": 100,
    "pivot": {
      "x": 0.5,
      "y": 0.5
    },
    "meshType": 0
  }
}