{
  "__type__": "cc.SpriteFrame",
  "content": {
    "name": "3902",
    "atlas": "",
    "rect": {
      "x": 16,
      "y": 18,
      "width": 129,
      "height": 127
    },
    "offset": {
      "x": 3.5,
      "y": -4.5
    },
    "originalSize": {
      "width": 154,
      "height": 154
    },
    "rotated": false,
    "capInsets": [
      0,
      0,
      0,
      0
    ],
    "vertices": {
      "rawPosition": [
        -64.5,
        -63.5,
        0,
        64.5,
        -63.5,
        0,
        -64.5,
        63.5,
        0,
        64.5,
        63.5,
        0
      ],
      "indexes": [
        0,
        1,
        2,
        2,
        1,
        3
      ],
      "uv": [
        16,
        136,
        145,
        136,
        16,
        9,
        145,
        9
      ],
      "nuv": [
        0.1038961038961039,
        0.05844155844155844,
        0.9415584415584416,
        0.05844155844155844,
        0.1038961038961039,
        0.8831168831168831,
        0.9415584415584416,
        0.8831168831168831
      ],
      "minPos": {
        "x": -64.5,
        "y": -63.5,
        "z": 0
      },
      "maxPos": {
        "x": 64.5,
        "y": 63.5,
        "z": 0
      }
    },
    "texture": "6c722d09-4860-4d75-b8e3-9eacdbe9a19f@6c48a",
    "packable": true,
    "pixelsToUnit": 100,
    "pivot": {
      "x": 0.5,
      "y": 0.5
    },
    "meshType": 0
  }
}