{
  "__type__": "cc.SpriteFrame",
  "content": {
    "name": "0046",
    "atlas": "",
    "rect": {
      "x": 16,
      "y": 10,
      "width": 119,
      "height": 132
    },
    "offset": {
      "x": -1.5,
      "y": 1
    },
    "originalSize": {
      "width": 154,
      "height": 154
    },
    "rotated": false,
    "capInsets": [
      0,
      0,
      0,
      0
    ],
    "vertices": {
      "rawPosition": [
        -59.5,
        -66,
        0,
        59.5,
        -66,
        0,
        -59.5,
        66,
        0,
        59.5,
        66,
        0
      ],
      "indexes": [
        0,
        1,
        2,
        2,
        1,
        3
      ],
      "uv": [
        16,
        144,
        135,
        144,
        16,
        12,
        135,
        12
      ],
      "nuv": [
        0.1038961038961039,
        0.07792207792207792,
        0.8766233766233766,
        0.07792207792207792,
        0.1038961038961039,
        0.935064935064935,
        0.8766233766233766,
        0.935064935064935
      ],
      "minPos": {
        "x": -59.5,
        "y": -66,
        "z": 0
      },
      "maxPos": {
        "x": 59.5,
        "y": 66,
        "z": 0
      }
    },
    "texture": "d38c1582-39e2-489c-bc5a-5ee84e6ef0b4@6c48a",
    "packable": true,
    "pixelsToUnit": 100,
    "pivot": {
      "x": 0.5,
      "y": 0.5
    },
    "meshType": 0
  }
}