{
  "__type__": "cc.SpriteFrame",
  "content": {
    "name": "libao2",
    "atlas": "",
    "rect": {
      "x": 1,
      "y": 20,
      "width": 132,
      "height": 103
    },
    "offset": {
      "x": 0,
      "y": -4.5
    },
    "originalSize": {
      "width": 134,
      "height": 134
    },
    "rotated": false,
    "capInsets": [
      0,
      0,
      0,
      0
    ],
    "vertices": {
      "rawPosition": [
        -66,
        -51.5,
        0,
        66,
        -51.5,
        0,
        -66,
        51.5,
        0,
        66,
        51.5,
        0
      ],
      "indexes": [
        0,
        1,
        2,
        2,
        1,
        3
      ],
      "uv": [
        1,
        114,
        133,
        114,
        1,
        11,
        133,
        11
      ],
      "nuv": [
        0.007462686567164179,
        0.08208955223880597,
        0.9925373134328358,
        0.08208955223880597,
        0.007462686567164179,
        0.8507462686567164,
        0.9925373134328358,
        0.8507462686567164
      ],
      "minPos": {
        "x": -66,
        "y": -51.5,
        "z": 0
      },
      "maxPos": {
        "x": 66,
        "y": 51.5,
        "z": 0
      }
    },
    "texture": "73283915-0249-4df9-a1dc-802747307b65@6c48a",
    "packable": true,
    "pixelsToUnit": 100,
    "pivot": {
      "x": 0.5,
      "y": 0.5
    },
    "meshType": 0
  }
}