{
  "__type__": "cc.SpriteFrame",
  "content": {
    "name": "3",
    "atlas": "",
    "rect": {
      "x": 31,
      "y": 14,
      "width": 99,
      "height": 134
    },
    "offset": {
      "x": 3.5,
      "y": -4
    },
    "originalSize": {
      "width": 154,
      "height": 154
    },
    "rotated": false,
    "capInsets": [
      0,
      0,
      0,
      0
    ],
    "vertices": {
      "rawPosition": [
        -49.5,
        -67,
        0,
        49.5,
        -67,
        0,
        -49.5,
        67,
        0,
        49.5,
        67,
        0
      ],
      "indexes": [
        0,
        1,
        2,
        2,
        1,
        3
      ],
      "uv": [
        31,
        140,
        130,
        140,
        31,
        6,
        130,
        6
      ],
      "nuv": [
        0.2012987012987013,
        0.03896103896103896,
        0.8441558441558441,
        0.03896103896103896,
        0.2012987012987013,
        0.9090909090909091,
        0.8441558441558441,
        0.9090909090909091
      ],
      "minPos": {
        "x": -49.5,
        "y": -67,
        "z": 0
      },
      "maxPos": {
        "x": 49.5,
        "y": 67,
        "z": 0
      }
    },
    "texture": "73743bc6-5795-4254-b97c-1f13f54a2182@6c48a",
    "packable": true,
    "pixelsToUnit": 100,
    "pivot": {
      "x": 0.5,
      "y": 0.5
    },
    "meshType": 0
  }
}