{
  "__type__": "cc.SpriteFrame",
  "content": {
    "name": "caizuan_hc",
    "atlas": "",
    "rect": {
      "x": 12,
      "y": 13,
      "width": 113,
      "height": 113
    },
    "offset": {
      "x": 1.5,
      "y": -2.5
    },
    "originalSize": {
      "width": 134,
      "height": 134
    },
    "rotated": false,
    "capInsets": [
      0,
      0,
      0,
      0
    ],
    "vertices": {
      "rawPosition": [
        -56.5,
        -56.5,
        0,
        56.5,
        -56.5,
        0,
        -56.5,
        56.5,
        0,
        56.5,
        56.5,
        0
      ],
      "indexes": [
        0,
        1,
        2,
        2,
        1,
        3
      ],
      "uv": [
        12,
        121,
        125,
        121,
        12,
        8,
        125,
        8
      ],
      "nuv": [
        0.08955223880597014,
        0.05970149253731343,
        0.9328358208955224,
        0.05970149253731343,
        0.08955223880597014,
        0.9029850746268657,
        0.9328358208955224,
        0.9029850746268657
      ],
      "minPos": {
        "x": -56.5,
        "y": -56.5,
        "z": 0
      },
      "maxPos": {
        "x": 56.5,
        "y": 56.5,
        "z": 0
      }
    },
    "texture": "2985946a-031b-4293-928c-b79b74ed7650@6c48a",
    "packable": true,
    "pixelsToUnit": 100,
    "pivot": {
      "x": 0.5,
      "y": 0.5
    },
    "meshType": 0
  }
}