{
  "__type__": "cc.SpriteFrame",
  "content": {
    "name": "bj_4",
    "atlas": "",
    "rect": {
      "x": 3,
      "y": 2,
      "width": 148,
      "height": 50
    },
    "offset": {
      "x": 1,
      "y": -0.5
    },
    "originalSize": {
      "width": 152,
      "height": 53
    },
    "rotated": false,
    "capInsets": [
      0,
      0,
      0,
      0
    ],
    "vertices": {
      "rawPosition": [
        -74,
        -25,
        0,
        74,
        -25,
        0,
        -74,
        25,
        0,
        74,
        25,
        0
      ],
      "indexes": [
        0,
        1,
        2,
        2,
        1,
        3
      ],
      "uv": [
        3,
        51,
        151,
        51,
        3,
        1,
        151,
        1
      ],
      "nuv": [
        0.019736842105263157,
        0.018867924528301886,
        0.993421052631579,
        0.018867924528301886,
        0.019736842105263157,
        0.9622641509433962,
        0.993421052631579,
        0.9622641509433962
      ],
      "minPos": {
        "x": -74,
        "y": -25,
        "z": 0
      },
      "maxPos": {
        "x": 74,
        "y": 25,
        "z": 0
      }
    },
    "texture": "29dcbcc9-1eae-4eef-a9f9-f2bf6c617b74@6c48a",
    "packable": true,
    "pixelsToUnit": 100,
    "pivot": {
      "x": 0.5,
      "y": 0.5
    },
    "meshType": 0
  }
}