{
  "__type__": "cc.SpriteFrame",
  "content": {
    "name": "0024",
    "atlas": "",
    "rect": {
      "x": 19,
      "y": 8,
      "width": 116,
      "height": 134
    },
    "offset": {
      "x": 0,
      "y": 2
    },
    "originalSize": {
      "width": 154,
      "height": 154
    },
    "rotated": false,
    "capInsets": [
      0,
      0,
      0,
      0
    ],
    "vertices": {
      "rawPosition": [
        -58,
        -67,
        0,
        58,
        -67,
        0,
        -58,
        67,
        0,
        58,
        67,
        0
      ],
      "indexes": [
        0,
        1,
        2,
        2,
        1,
        3
      ],
      "uv": [
        19,
        146,
        135,
        146,
        19,
        12,
        135,
        12
      ],
      "nuv": [
        0.12337662337662338,
        0.07792207792207792,
        0.8766233766233766,
        0.07792207792207792,
        0.12337662337662338,
        0.948051948051948,
        0.8766233766233766,
        0.948051948051948
      ],
      "minPos": {
        "x": -58,
        "y": -67,
        "z": 0
      },
      "maxPos": {
        "x": 58,
        "y": 67,
        "z": 0
      }
    },
    "texture": "1930f696-f1f9-49a2-a711-f1af705aee19@6c48a",
    "packable": true,
    "pixelsToUnit": 100,
    "pivot": {
      "x": 0.5,
      "y": 0.5
    },
    "meshType": 0
  }
}