{
  "__type__": "cc.SpriteFrame",
  "content": {
    "name": "7",
    "atlas": "",
    "rect": {
      "x": 1,
      "y": 10,
      "width": 102,
      "height": 103
    },
    "offset": {
      "x": 0.5,
      "y": -5
    },
    "originalSize": {
      "width": 103,
      "height": 113
    },
    "rotated": false,
    "capInsets": [
      0,
      0,
      0,
      0
    ],
    "vertices": {
      "rawPosition": [
        -51,
        -51.5,
        0,
        51,
        -51.5,
        0,
        -51,
        51.5,
        0,
        51,
        51.5,
        0
      ],
      "indexes": [
        0,
        1,
        2,
        2,
        1,
        3
      ],
      "uv": [
        1,
        103,
        103,
        103,
        1,
        0,
        103,
        0
      ],
      "nuv": [
        0.009708737864077669,
        0,
        1,
        0,
        0.009708737864077669,
        0.911504424778761,
        1,
        0.911504424778761
      ],
      "minPos": {
        "x": -51,
        "y": -51.5,
        "z": 0
      },
      "maxPos": {
        "x": 51,
        "y": 51.5,
        "z": 0
      }
    },
    "texture": "d24c9e3c-376a-4b7c-84cc-d87a384ff297@6c48a",
    "packable": true,
    "pixelsToUnit": 100,
    "pivot": {
      "x": 0.5,
      "y": 0.5
    },
    "meshType": 0
  }
}