{
  "__type__": "cc.SpriteFrame",
  "content": {
    "name": "lingshi02",
    "atlas": "",
    "rect": {
      "x": 22,
      "y": 10,
      "width": 94,
      "height": 117
    },
    "offset": {
      "x": 2,
      "y": -1.5
    },
    "originalSize": {
      "width": 134,
      "height": 134
    },
    "rotated": false,
    "capInsets": [
      0,
      0,
      0,
      0
    ],
    "vertices": {
      "rawPosition": [
        -47,
        -58.5,
        0,
        47,
        -58.5,
        0,
        -47,
        58.5,
        0,
        47,
        58.5,
        0
      ],
      "indexes": [
        0,
        1,
        2,
        2,
        1,
        3
      ],
      "uv": [
        22,
        124,
        116,
        124,
        22,
        7,
        116,
        7
      ],
      "nuv": [
        0.16417910447761194,
        0.05223880597014925,
        0.8656716417910447,
        0.05223880597014925,
        0.16417910447761194,
        0.9253731343283582,
        0.8656716417910447,
        0.9253731343283582
      ],
      "minPos": {
        "x": -47,
        "y": -58.5,
        "z": 0
      },
      "maxPos": {
        "x": 47,
        "y": 58.5,
        "z": 0
      }
    },
    "texture": "d269c89a-c0ad-46bf-90bd-aeb3742c5fb2@6c48a",
    "packable": true,
    "pixelsToUnit": 100,
    "pivot": {
      "x": 0.5,
      "y": 0.5
    },
    "meshType": 0
  }
}