{
  "__type__": "cc.SpriteFrame",
  "content": {
    "name": "baoxiang2",
    "atlas": "",
    "rect": {
      "x": 5,
      "y": 6,
      "width": 127,
      "height": 111
    },
    "offset": {
      "x": 1.5,
      "y": 5.5
    },
    "originalSize": {
      "width": 134,
      "height": 134
    },
    "rotated": false,
    "capInsets": [
      0,
      0,
      0,
      0
    ],
    "vertices": {
      "rawPosition": [
        -63.5,
        -55.5,
        0,
        63.5,
        -55.5,
        0,
        -63.5,
        55.5,
        0,
        63.5,
        55.5,
        0
      ],
      "indexes": [
        0,
        1,
        2,
        2,
        1,
        3
      ],
      "uv": [
        5,
        128,
        132,
        128,
        5,
        17,
        132,
        17
      ],
      "nuv": [
        0.03731343283582089,
        0.12686567164179105,
        0.9850746268656716,
        0.12686567164179105,
        0.03731343283582089,
        0.9552238805970149,
        0.9850746268656716,
        0.9552238805970149
      ],
      "minPos": {
        "x": -63.5,
        "y": -55.5,
        "z": 0
      },
      "maxPos": {
        "x": 63.5,
        "y": 55.5,
        "z": 0
      }
    },
    "texture": "0511d3eb-90c3-4dbb-a07d-1817b558d1e5@6c48a",
    "packable": true,
    "pixelsToUnit": 100,
    "pivot": {
      "x": 0.5,
      "y": 0.5
    },
    "meshType": 0
  }
}