{
  "__type__": "cc.SpriteFrame",
  "content": {
    "name": "大类切页未选中",
    "atlas": "",
    "rect": {
      "x": 0,
      "y": 20,
      "width": 234,
      "height": 86
    },
    "offset": {
      "x": 0,
      "y": -10
    },
    "originalSize": {
      "width": 234,
      "height": 106
    },
    "rotated": false,
    "capInsets": [
      0,
      0,
      0,
      0
    ],
    "vertices": {
      "rawPosition": [
        -117,
        -43,
        0,
        117,
        -43,
        0,
        -117,
        43,
        0,
        117,
        43,
        0
      ],
      "indexes": [
        0,
        1,
        2,
        2,
        1,
        3
      ],
      "uv": [
        0,
        86,
        234,
        86,
        0,
        0,
        234,
        0
      ],
      "nuv": [
        0,
        0,
        1,
        0,
        0,
        0.8113207547169812,
        1,
        0.8113207547169812
      ],
      "minPos": {
        "x": -117,
        "y": -43,
        "z": 0
      },
      "maxPos": {
        "x": 117,
        "y": 43,
        "z": 0
      }
    },
    "texture": "05211f46-a415-443e-bc68-fb8230815c86@6c48a",
    "packable": true,
    "pixelsToUnit": 100,
    "pivot": {
      "x": 0.5,
      "y": 0.5
    },
    "meshType": 0
  }
}