{
  "__type__": "cc.SpriteFrame",
  "content": {
    "name": "yuanshi",
    "atlas": "",
    "rect": {
      "x": 13,
      "y": 13,
      "width": 107,
      "height": 107
    },
    "offset": {
      "x": -0.5,
      "y": 0.5
    },
    "originalSize": {
      "width": 134,
      "height": 134
    },
    "rotated": false,
    "capInsets": [
      0,
      0,
      0,
      0
    ],
    "vertices": {
      "rawPosition": [
        -53.5,
        -53.5,
        0,
        53.5,
        -53.5,
        0,
        -53.5,
        53.5,
        0,
        53.5,
        53.5,
        0
      ],
      "indexes": [
        0,
        1,
        2,
        2,
        1,
        3
      ],
      "uv": [
        13,
        121,
        120,
        121,
        13,
        14,
        120,
        14
      ],
      "nuv": [
        0.09701492537313433,
        0.1044776119402985,
        0.8955223880597015,
        0.1044776119402985,
        0.09701492537313433,
        0.9029850746268657,
        0.8955223880597015,
        0.9029850746268657
      ],
      "minPos": {
        "x": -53.5,
        "y": -53.5,
        "z": 0
      },
      "maxPos": {
        "x": 53.5,
        "y": 53.5,
        "z": 0
      }
    },
    "texture": "c98d0a9e-65e6-41d6-9b01-68c8fbe9cc76@6c48a",
    "packable": true,
    "pixelsToUnit": 100,
    "pivot": {
      "x": 0.5,
      "y": 0.5
    },
    "meshType": 0
  }
}