{
  "__type__": "cc.SpriteFrame",
  "content": {
    "name": "lingpai1",
    "atlas": "",
    "rect": {
      "x": 5,
      "y": 18,
      "width": 124,
      "height": 104
    },
    "offset": {
      "x": 0,
      "y": -3
    },
    "originalSize": {
      "width": 134,
      "height": 134
    },
    "rotated": false,
    "capInsets": [
      0,
      0,
      0,
      0
    ],
    "vertices": {
      "rawPosition": [
        -62,
        -52,
        0,
        62,
        -52,
        0,
        -62,
        52,
        0,
        62,
        52,
        0
      ],
      "indexes": [
        0,
        1,
        2,
        2,
        1,
        3
      ],
      "uv": [
        5,
        116,
        129,
        116,
        5,
        12,
        129,
        12
      ],
      "nuv": [
        0.03731343283582089,
        0.08955223880597014,
        0.9626865671641791,
        0.08955223880597014,
        0.03731343283582089,
        0.8656716417910447,
        0.9626865671641791,
        0.8656716417910447
      ],
      "minPos": {
        "x": -62,
        "y": -52,
        "z": 0
      },
      "maxPos": {
        "x": 62,
        "y": 52,
        "z": 0
      }
    },
    "texture": "dd0a5f5c-b90e-4255-a01e-4edb3b750108@6c48a",
    "packable": true,
    "pixelsToUnit": 100,
    "pivot": {
      "x": 0.5,
      "y": 0.5
    },
    "meshType": 0
  }
}