{
  "__type__": "cc.SpriteFrame",
  "content": {
    "name": "huancaishi",
    "atlas": "",
    "rect": {
      "x": 16,
      "y": 10,
      "width": 108,
      "height": 119
    },
    "offset": {
      "x": 3,
      "y": -2.5
    },
    "originalSize": {
      "width": 134,
      "height": 134
    },
    "rotated": false,
    "capInsets": [
      0,
      0,
      0,
      0
    ],
    "vertices": {
      "rawPosition": [
        -54,
        -59.5,
        0,
        54,
        -59.5,
        0,
        -54,
        59.5,
        0,
        54,
        59.5,
        0
      ],
      "indexes": [
        0,
        1,
        2,
        2,
        1,
        3
      ],
      "uv": [
        16,
        124,
        124,
        124,
        16,
        5,
        124,
        5
      ],
      "nuv": [
        0.11940298507462686,
        0.03731343283582089,
        0.9253731343283582,
        0.03731343283582089,
        0.11940298507462686,
        0.9253731343283582,
        0.9253731343283582,
        0.9253731343283582
      ],
      "minPos": {
        "x": -54,
        "y": -59.5,
        "z": 0
      },
      "maxPos": {
        "x": 54,
        "y": 59.5,
        "z": 0
      }
    },
    "texture": "ddcf87c7-9d79-404f-8d07-f9b655c330f8@6c48a",
    "packable": true,
    "pixelsToUnit": 100,
    "pivot": {
      "x": 0.5,
      "y": 0.5
    },
    "meshType": 0
  }
}