{
  "__type__": "cc.SpriteFrame",
  "content": {
    "name": "area_icon_0023",
    "atlas": "",
    "rect": {
      "x": 0,
      "y": 5,
      "width": 60,
      "height": 50
    },
    "offset": {
      "x": 0,
      "y": 0
    },
    "originalSize": {
      "width": 60,
      "height": 60
    },
    "rotated": false,
    "capInsets": [
      0,
      0,
      0,
      0
    ],
    "vertices": {
      "rawPosition": [
        -30,
        -25,
        0,
        30,
        -25,
        0,
        -30,
        25,
        0,
        30,
        25,
        0
      ],
      "indexes": [
        0,
        1,
        2,
        2,
        1,
        3
      ],
      "uv": [
        0,
        55,
        60,
        55,
        0,
        5,
        60,
        5
      ],
      "nuv": [
        0,
        0.08333333333333333,
        1,
        0.08333333333333333,
        0,
        0.9166666666666666,
        1,
        0.9166666666666666
      ],
      "minPos": {
        "x": -30,
        "y": -25,
        "z": 0
      },
      "maxPos": {
        "x": 30,
        "y": 25,
        "z": 0
      }
    },
    "texture": "0413ea6f-f1ed-4623-ac6a-0d6e9fff5a09@6c48a",
    "packable": true,
    "pixelsToUnit": 100,
    "pivot": {
      "x": 0.5,
      "y": 0.5
    },
    "meshType": 0
  }
}