{
  "__type__": "cc.SpriteFrame",
  "content": {
    "name": "baoxiang4",
    "atlas": "",
    "rect": {
      "x": 11,
      "y": 24,
      "width": 112,
      "height": 92
    },
    "offset": {
      "x": 0,
      "y": -3
    },
    "originalSize": {
      "width": 134,
      "height": 134
    },
    "rotated": false,
    "capInsets": [
      0,
      0,
      0,
      0
    ],
    "vertices": {
      "rawPosition": [
        -56,
        -46,
        0,
        56,
        -46,
        0,
        -56,
        46,
        0,
        56,
        46,
        0
      ],
      "indexes": [
        0,
        1,
        2,
        2,
        1,
        3
      ],
      "uv": [
        11,
        110,
        123,
        110,
        11,
        18,
        123,
        18
      ],
      "nuv": [
        0.08208955223880597,
        0.13432835820895522,
        0.917910447761194,
        0.13432835820895522,
        0.08208955223880597,
        0.8208955223880597,
        0.917910447761194,
        0.8208955223880597
      ],
      "minPos": {
        "x": -56,
        "y": -46,
        "z": 0
      },
      "maxPos": {
        "x": 56,
        "y": 46,
        "z": 0
      }
    },
    "texture": "044a74f3-bb7f-4295-a01b-fecf99161d6c@6c48a",
    "packable": true,
    "pixelsToUnit": 100,
    "pivot": {
      "x": 0.5,
      "y": 0.5
    },
    "meshType": 0
  }
}