{
  "__type__": "cc.SpriteFrame",
  "content": {
    "name": "4",
    "atlas": "",
    "rect": {
      "x": 0,
      "y": 0,
      "width": 23,
      "height": 28
    },
    "offset": {
      "x": 0,
      "y": 0.5
    },
    "originalSize": {
      "width": 23,
      "height": 29
    },
    "rotated": false,
    "capInsets": [
      0,
      0,
      0,
      0
    ],
    "vertices": {
      "rawPosition": [
        -11.5,
        -14,
        0,
        11.5,
        -14,
        0,
        -11.5,
        14,
        0,
        11.5,
        14,
        0
      ],
      "indexes": [
        0,
        1,
        2,
        2,
        1,
        3
      ],
      "uv": [
        0,
        29,
        23,
        29,
        0,
        1,
        23,
        1
      ],
      "nuv": [
        0,
        0.034482758620689655,
        1,
        0.034482758620689655,
        0,
        1,
        1,
        1
      ],
      "minPos": {
        "x": -11.5,
        "y": -14,
        "z": 0
      },
      "maxPos": {
        "x": 11.5,
        "y": 14,
        "z": 0
      }
    },
    "texture": "04980e94-68b4-4b47-ba88-0f5e299bd59a@6c48a",
    "packable": true,
    "pixelsToUnit": 100,
    "pivot": {
      "x": 0.5,
      "y": 0.5
    },
    "meshType": 0
  }
}