{
  "__type__": "cc.SpriteFrame",
  "content": {
    "name": "框05",
    "atlas": "",
    "rect": {
      "x": 2,
      "y": 4,
      "width": 215,
      "height": 201
    },
    "offset": {
      "x": -0.5,
      "y": 0.5
    },
    "originalSize": {
      "width": 220,
      "height": 210
    },
    "rotated": false,
    "capInsets": [
      0,
      0,
      0,
      0
    ],
    "vertices": {
      "rawPosition": [
        -107.5,
        -100.5,
        0,
        107.5,
        -100.5,
        0,
        -107.5,
        100.5,
        0,
        107.5,
        100.5,
        0
      ],
      "indexes": [
        0,
        1,
        2,
        2,
        1,
        3
      ],
      "uv": [
        2,
        206,
        217,
        206,
        2,
        5,
        217,
        5
      ],
      "nuv": [
        0.00909090909090909,
        0.023809523809523808,
        0.9863636363636363,
        0.023809523809523808,
        0.00909090909090909,
        0.9809523809523809,
        0.9863636363636363,
        0.9809523809523809
      ],
      "minPos": {
        "x": -107.5,
        "y": -100.5,
        "z": 0
      },
      "maxPos": {
        "x": 107.5,
        "y": 100.5,
        "z": 0
      }
    },
    "texture": "3486b227-641d-4129-bad9-3638bdb31a2b@6c48a",
    "packable": true,
    "pixelsToUnit": 100,
    "pivot": {
      "x": 0.5,
      "y": 0.5
    },
    "meshType": 0
  }
}