{
  "__type__": "cc.SpriteFrame",
  "content": {
    "name": "18_hc",
    "atlas": "",
    "rect": {
      "x": 13,
      "y": 0,
      "width": 188,
      "height": 229
    },
    "offset": {
      "x": -7,
      "y": 0
    },
    "originalSize": {
      "width": 228,
      "height": 229
    },
    "rotated": false,
    "capInsets": [
      0,
      0,
      0,
      0
    ],
    "vertices": {
      "rawPosition": [
        -94,
        -114.5,
        0,
        94,
        -114.5,
        0,
        -94,
        114.5,
        0,
        94,
        114.5,
        0
      ],
      "indexes": [
        0,
        1,
        2,
        2,
        1,
        3
      ],
      "uv": [
        13,
        229,
        201,
        229,
        13,
        0,
        201,
        0
      ],
      "nuv": [
        0.05701754385964912,
        0,
        0.881578947368421,
        0,
        0.05701754385964912,
        1,
        0.881578947368421,
        1
      ],
      "minPos": {
        "x": -94,
        "y": -114.5,
        "z": 0
      },
      "maxPos": {
        "x": 94,
        "y": 114.5,
        "z": 0
      }
    },
    "texture": "c32e83df-fbdb-40f1-b1b3-6cece24092f7@6c48a",
    "packable": true,
    "pixelsToUnit": 100,
    "pivot": {
      "x": 0.5,
      "y": 0.5
    },
    "meshType": 0
  }
}