{
  "__type__": "cc.SpriteFrame",
  "content": {
    "name": "0015",
    "atlas": "",
    "rect": {
      "x": 17,
      "y": 11,
      "width": 118,
      "height": 131
    },
    "offset": {
      "x": -1,
      "y": 0.5
    },
    "originalSize": {
      "width": 154,
      "height": 154
    },
    "rotated": false,
    "capInsets": [
      0,
      0,
      0,
      0
    ],
    "vertices": {
      "rawPosition": [
        -59,
        -65.5,
        0,
        59,
        -65.5,
        0,
        -59,
        65.5,
        0,
        59,
        65.5,
        0
      ],
      "indexes": [
        0,
        1,
        2,
        2,
        1,
        3
      ],
      "uv": [
        17,
        143,
        135,
        143,
        17,
        12,
        135,
        12
      ],
      "nuv": [
        0.11038961038961038,
        0.07792207792207792,
        0.8766233766233766,
        0.07792207792207792,
        0.11038961038961038,
        0.9285714285714286,
        0.8766233766233766,
        0.9285714285714286
      ],
      "minPos": {
        "x": -59,
        "y": -65.5,
        "z": 0
      },
      "maxPos": {
        "x": 59,
        "y": 65.5,
        "z": 0
      }
    },
    "texture": "c3e04d10-5fe1-4492-9c45-5a07fc536958@6c48a",
    "packable": true,
    "pixelsToUnit": 100,
    "pivot": {
      "x": 0.5,
      "y": 0.5
    },
    "meshType": 0
  }
}