{
  "__type__": "cc.SpriteFrame",
  "content": {
    "name": "卡牌按钮",
    "atlas": "",
    "rect": {
      "x": 52,
      "y": 2,
      "width": 115,
      "height": 49
    },
    "offset": {
      "x": -2.5,
      "y": -0.5
    },
    "originalSize": {
      "width": 224,
      "height": 52
    },
    "rotated": false,
    "capInsets": [
      0,
      0,
      0,
      0
    ],
    "vertices": {
      "rawPosition": [
        -57.5,
        -24.5,
        0,
        57.5,
        -24.5,
        0,
        -57.5,
        24.5,
        0,
        57.5,
        24.5,
        0
      ],
      "indexes": [
        0,
        1,
        2,
        2,
        1,
        3
      ],
      "uv": [
        52,
        50,
        167,
        50,
        52,
        1,
        167,
        1
      ],
      "nuv": [
        0.23214285714285715,
        0.019230769230769232,
        0.7455357142857143,
        0.019230769230769232,
        0.23214285714285715,
        0.9615384615384616,
        0.7455357142857143,
        0.9615384615384616
      ],
      "minPos": {
        "x": -57.5,
        "y": -24.5,
        "z": 0
      },
      "maxPos": {
        "x": 57.5,
        "y": 24.5,
        "z": 0
      }
    },
    "texture": "d74c0d72-8833-45f0-b30c-fa3025485ca7@6c48a",
    "packable": true,
    "pixelsToUnit": 100,
    "pivot": {
      "x": 0.5,
      "y": 0.5
    },
    "meshType": 0
  }
}